subjectID,l_fit,beta,tau,condition,NLL,AIC
2f00cejq,14.368796356115308,0.9338862062745263,0.07245015970846802,0,790.5182957316127,1591.0365914632255
qol84cpr,12.60861575526063,0.006739288250424632,0.07920066565073225,0,836.0306560662722,1682.0613121325443
1n75pw58,0.6427003580288104,0.4161358335217636,0.06183682048703282,0,453.1526167814113,916.3052335628227
28zss8zo,10.201781475373544,0.006737946999085467,0.05188879399664209,0,584.5432444357675,1179.086488871535
dvve9pgf,6.124367124768734,0.006737946999085467,0.059857851940059326,0,620.9172903874869,1251.8345807749738
ez5nwule,8.283728371895057,0.22010718021719355,0.04907745336843643,0,612.551219691274,1235.102439382548
et0kuusz,1.115370676785986,0.006737946999085467,0.03970059636390032,0,293.89350470528257,597.7870094105651
on95gvhw,8.70912595083124,0.006737946999085467,0.04746519286485279,0,677.0005891409304,1364.0011782818608
h4g65ryu,17.98443005737273,0.006737946999085467,0.036195538892491705,0,747.4968470890292,1504.9936941780584
4z1o75zp,3.392596105877138,0.0505777059916488,0.03721231316927123,0,572.857589315571,1155.715178631142
3tyq8bzq,11.826912653882886,0.5590488627000056,1.0146600175026332,0,1013.1479863000983,2036.2959726001966
0scns8fh,18.877371869878854,0.006737946999085467,0.0683584337054467,0,953.9031890524681,1917.8063781049361
3f2c5lhp,4.749050016750635,0.04681672563888663,0.07276296474105287,0,701.8526493468556,1413.7052986937113
23fx2n0v,1.1597288634304794,0.024870141617470195,0.0357914517912821,0,317.9895450749907,645.9790901499814
mte6huys,21.817482556298337,0.006737946999085467,0.050493622187313424,0,589.5729257788951,1189.1458515577901
a8ps9sdf,10.164364539310201,0.006737946999085467,1.0700973975084018,0,1037.0909867620799,2084.1819735241597
5l05oj47,10.664878276620223,0.006737946999085467,1.1798659128151114,0,1016.1746051862266,2042.3492103724532
wbxpjhzw,0.6675506685795842,0.13290709681538654,0.032803053850262234,0,512.4240536661079,1034.8481073322157
6fu1vnrn,14.154133431172756,0.006737946999085467,0.048073557150367756,0,729.0042463276225,1468.008492655245
rnrzj41w,14.408258137473819,1.7260185835840591,0.06011180798693336,0,758.6657846996895,1527.331569399379
hy9efhu6,4.293268194461913,0.2906165111647121,0.057359399468310035,0,626.2431958005576,1262.4863916011152
z978tvl5,11.272026952900568,0.6687146713225942,0.07193887394620038,0,721.603533739816,1453.207067479632
uj6zfcm0,17.304128363438252,1.1962429674877255,0.07973667281139374,0,818.0153951580794,1646.0307903161588
xdd8fo9z,18.773155931692543,0.8950460942160354,0.09435558917334066,0,905.7751084432883,1821.5502168865767
hanc2y2m,0.6168360705146099,0.18666606889523546,0.041308042186285455,0,595.8593132652899,1201.7186265305797
o3y9yzef,0.8506523861696584,0.16442796505164164,0.04395746797424665,0,548.4216057648223,1106.8432115296446
9fztwznf,3.9586205885137065,0.08038887403763598,0.05576581077949237,0,768.3779575670623,1546.7559151341245
bbcfhwnz,0.6405772774605822,0.300247942138194,0.05521432683381279,0,573.7100600172312,1157.4201200344623
2xmlbgk1,15.727665160747968,1.0044601361553982,0.05968581166361665,0,835.2634998541797,1680.5269997083594
0vry5ube,19.371641772778467,1.063312862555629,0.06703691888071046,0,698.1909570271916,1406.3819140543833
s6mhm6ft,5.9625895443752155,0.5647207331646321,0.0888040774431341,0,839.6047182748835,1689.209436549767
bhk2nvdy,13.707540817270171,0.38986391517419694,0.051771439193445574,0,722.8642835753533,1455.7285671507066
c9fy7x92,10.667230029486056,0.7457731682905552,0.07941902520820451,0,768.44599766202,1546.89199532404
u4h0rknc,0.626809960420029,0.1230143675017082,0.038668958564172434,0,633.4828708978848,1276.9657417957696
2z7pz06e,15.319761681462573,0.9657604444545649,0.05595778593815631,0,780.3728840172221,1570.7457680344442
6gzo3kny,0.5474004360325487,0.07685221881488569,0.03248642540354227,0,290.71890835808256,591.4378167161651
ummoyn5b,0.28059192181485193,1.4584165547486403,0.28471197304855905,0,667.6465594849669,1345.2931189699339
nrv2ltos,14.504686452596204,0.7522863709014653,0.06189411994333595,0,776.4170235181009,1562.8340470362018
tcd29yg9,17.325885755302807,0.5025181865750017,0.08286764799528533,0,843.1133692104187,1696.2267384208374
qulmqfln,0.73834856411527,0.4107828222142742,0.07927957424897647,0,678.185339738783,1366.370679477566
1fzhpzza,13.549571211407656,1.0362562995969187,0.06800510251595679,0,824.4444187113751,1658.8888374227502
eqca3bl9,0.44464104779549457,1.0520330630022583,0.24590705021393705,0,832.6036458165365,1675.207291633073
lgtg6cjw,0.8989717522078318,0.44135877149042946,0.08366532368697921,0,719.2655663767972,1448.5311327535944
3zy8k7oh,13.266383330952593,1.0771012076750286,0.0662944173591743,0,757.3988440344232,1524.7976880688464
rvya0qp8,0.6980748562673467,0.4743776281782232,0.080342592083741,0,567.9275359078863,1145.8550718157726
hzwr2bmw,11.537614983719363,0.6414712358570265,0.08395093832326056,0,774.1443259986501,1558.2886519973001
gj6jtxzq,0.7621262679870301,0.38493215872878495,0.06921912629711137,0,590.3061689119428,1190.6123378238856
okuug6ro,22.250369672456134,1.4414637644721382,0.0737621563013506,0,846.3359217924793,1702.6718435849587
fr9eyqln,0.7388070981727923,0.43105398320899335,0.0808629697877981,0,601.3184418568262,1212.6368837136524
pkup4jsd,0.9080744699855492,0.3936780102074209,0.07786209074944012,0,694.8976103052628,1399.7952206105256
qkprp7u8,0.7529619918666379,0.41431505334547103,0.07884080395990192,0,671.3479775275475,1352.695955055095
0pgnsg7b,0.9090819253361035,0.43471742875311803,0.08047111417700248,0,678.8607542071811,1367.7215084143622
l8ysv03y,0.6337272433965663,0.35797175280710036,0.0611588238628146,0,554.8058022700537,1119.6116045401075
n23x07jd,0.7194073199469637,0.40134760992889096,0.06846159661943846,0,589.2880818723615,1188.576163744723
tl83w2xc,0.7473127195216964,0.4406799002965889,0.08065164525490562,0,596.5080946083872,1203.0161892167744
s23q96aj,0.7529818188912294,0.34457929152979394,0.07015397209730517,0,665.6708350977649,1341.3416701955298
9jehfmot,0.808770199213636,0.3866084607684043,0.07134877069276138,0,644.7476275252637,1299.4952550505275
qs8ywncu,0.69104538842204,0.36600287439624957,0.06787846743300271,0,616.0977963635607,1242.1955927271215
0a6a9q2l,0.6912998906096333,0.35399833885529164,0.06238448239222357,0,555.7307365403392,1121.4614730806784
lgyrvhz9,2.371197810172726,0.18018796632267506,0.038624101183545666,0,461.9216319222145,933.843263844429
wkbe3ber,0.5916929706882108,0.3840369306869967,0.0706784253849368,0,724.0909308867064,1458.1818617734127
vffduu0s,0.6601350442357855,0.3259839627366872,0.05587837537802308,0,564.7062255134795,1139.412451026959
6ktxvhv6,0.7988161811088922,0.3601449880407742,0.0600095663020766,0,547.5322448647803,1105.0644897295606
97ocjb6n,0.709130851766208,0.3189492662834137,0.056821997294950286,0,606.9850570778972,1223.9701141557944
k7c9p0th,0.7886913085577798,0.4685098549429769,0.095220072836499,0,689.6900420501745,1389.380084100349
mu0qm1l4,0.51566158739509,0.4021965326079376,0.07156131640912625,0,621.1052144750714,1252.2104289501428
pdpu75ae,1.482988756803485,0.006737946999085467,0.039233302140060614,0,425.2094535796077,860.4189071592155
ws26lh5t,5.935358632811205,0.006737946999085467,0.040638914539496904,0,611.358412106826,1232.716824213652
f97x5a7b,6.283444711317342,0.006737946999085467,0.05604913541143873,0,502.0143223854375,1014.028644770875
t05dwmza,10.824544239140211,0.006737946999085467,0.051535319601709734,0,611.2614548374884,1232.5229096749767
70k36ppc,5.787969658525267,0.006737946999085467,0.052155993131626555,0,649.8708726956748,1309.7417453913497
aqhlltdg,3.9888368933230103,0.006737946999085467,0.06148058955217026,0,633.4269283255738,1276.8538566511477
vqspl1ff,14.867237223557748,0.32411852055546475,0.066123578106064,0,685.8133496061306,1381.6266992122612
r1nr0t86,7.436359936826451,0.01472740540767243,0.04483268699268453,0,598.6188425009445,1207.237685001889
1y6254d1,3.809613684669216,0.006737946999085467,0.04592008677521848,0,565.8618670883009,1141.7237341766017
4aqbvkeg,1.2262706190830719,0.006737946999085467,0.029818570853759156,0,495.1082283483865,1000.216456696773
0e8cp3ts,6.532507451112698,0.006737946999085467,0.05944690299853063,0,620.2462540438227,1250.4925080876453
uo65uyqg,12.089970627716916,0.006737946999085467,0.05118756600313981,0,611.094443524527,1232.188887049054
okkwdmuz,14.001771987416763,0.6483879163377546,0.06474127767703786,0,746.9542721209536,1503.9085442419073
dd2vv1pc,14.633010868243975,0.006737946999085467,0.04728921471457944,0,556.8477956122391,1123.6955912244782
r95qjqzn,9.274160280563043,0.006737946999085467,0.14342421398200111,0,984.3644293645101,1978.7288587290202
on1bl8yv,19.531562303355518,0.3235599432364459,0.06964643618415906,0,752.6637074044627,1515.3274148089254
pcxgxry4,10.981862909657998,0.17833122948011845,0.05258191492098703,0,585.3005408187497,1180.6010816374994
0u0s8efv,1.2456116263887784,0.22725550995057597,0.0644261419032773,0,780.7283184320662,1571.4566368641324
sjses643,14.46467178372658,0.006737946999085467,0.05739543527373528,0,806.2437629575394,1622.4875259150788
yjk4v9ot,13.867260321495529,0.006737946999085467,0.0503101228287521,0,511.2505337495749,1032.50106749915
8scmmnfe,1.316338176467597,0.18974357407497972,0.03733200143634792,0,459.26611627251407,928.5322325450281
lp2mqb2q,4.323255401305652,0.16842422590947465,0.05393787038141303,0,560.9842182941078,1131.9684365882156
gjx1xqve,20.66224880003213,0.006737946999085467,0.04547067156468437,0,717.9012522236866,1445.8025044473732
qnvv8yqa,19.36290921694765,1.2874589109941383,0.12524260406455043,0,978.8319685993655,1967.663937198731
nuy037dr,5.566213898145717,0.20528497591889094,0.06731012853677111,0,828.79861871623,1667.59723743246
q7lmjhfx,5.3995311327080735,0.9228532713789263,0.4245299317392647,0,1003.5626241529468,2017.1252483058936
2fnxwnvs,15.16128444441009,0.8989801688649286,0.054459934114749996,0,695.3313478310589,1400.6626956621178
uex0utrw,1.8891742714613917,0.09542133745125722,0.04677494611156278,0,628.748389422743,1267.496778845486
3hfyjwzt,10.178899336478633,0.48258585175225427,0.06068522204671002,0,676.2327181830819,1362.4654363661639
5q9pdlcx,17.704656127362707,0.9750859566542585,0.06017073871678283,0,730.2727956592157,1470.5455913184314
226lmynp,17.1816052060688,0.02074861438753338,0.049532075574987636,0,544.5892522074091,1099.1785044148182
f2u49qkb,0.3733855562575801,0.16554605944954906,0.06232279951834211,0,985.7851140454619,1981.5702280909238
7lf01veg,12.254015556454217,0.6870338268541322,0.07035477256443179,0,757.0944539104412,1524.1889078208824
abvg6ws6,14.882683114486536,1.2964437221456089,0.1427114188649865,0,984.3295596999913,1978.6591193999825
93cyuzq9,0.7479141644834444,0.43622218707097293,0.07949611364901252,0,791.6178571146022,1593.2357142292044
cvn547tp,3.297468265407727,0.03501049266028469,0.060488026388422156,0,562.6173922807461,1135.2347845614922
o1ev7h6r,0.660154630273757,0.10426711258878885,0.03360646295853777,0,365.88728457608715,741.7745691521743
v6rahg9p,4.065728810661371,0.3525622634780156,0.05422759605286967,0,647.7812177993708,1305.5624355987416
9gmqg3ya,11.417832565694798,0.6432106597879059,0.05941079079229071,0,632.5509627321611,1275.1019254643222
ovbum0qq,11.975881150331741,0.7580437250726798,0.06344144029700502,0,788.9918315123055,1587.983663024611
ac20tx2t,0.4945188015801799,0.4086425622576725,0.08555250295429556,0,777.2900968960926,1564.5801937921851
wgsfuezt,10.193185971510761,0.6549804586009416,0.0693325527785635,0,819.2699272229041,1648.5398544458083
bf9my2xy,15.410557184064189,0.6675146087113835,0.04869976611314454,0,692.1476067449463,1394.2952134898926
4jsxpoh0,11.903309572355187,1.2250211869178111,0.07126751719304908,0,787.5580495801298,1585.1160991602596
lsedd4sa,0.8085149643086453,0.2853025378387034,0.07219156867320427,0,769.443792319518,1548.887584639036
araqn644,0.7218667556727066,0.5055799547454977,0.09994709508717575,0,802.3150400591,1614.6300801182
1u45u548,2.384515985642437,0.18235753621621048,0.05323873357072839,0,571.0683729843842,1152.1367459687683
82z353d6,6.727502565865146,0.006737946999085467,0.056703906617635275,0,581.3458372302395,1172.691674460479
3hnhlq41,9.112853224707283,0.5024208632148472,0.07768695871035425,0,784.9344916933062,1579.8689833866124
sm3b4qz5,0.8111463450080683,0.4320888226027107,0.08026713856863021,0,594.7786584918497,1199.5573169836994
rp6yd4ek,0.7096139549938665,0.38947326987466235,0.07449054949856039,0,678.5582597269956,1367.1165194539913
f421z9m5,0.6278809554720639,0.44129890892320045,0.08526736487817421,0,677.5425732708052,1365.0851465416104
dl4eyqbx,0.8173552623430648,0.43541850920975966,0.07986192159505913,0,624.7100553486035,1259.420110697207
sn8pstys,0.576435634001891,0.531056898254807,0.10612331277961602,0,704.6045586550928,1419.2091173101855
3tfwxrwx,14.858788617401775,1.264598244286293,0.11376096462645582,0,987.7008538256292,1985.4017076512584
l1yxf867,0.7907657714168888,0.3554778577609863,0.07937346828200774,0,805.7126718313873,1621.4253436627746
zaycgqlg,0.7670367595666371,0.4212074558160397,0.07673556043110967,0,574.4073884685725,1158.814776937145
e8ga874k,0.6415589395598622,0.07362321333931082,0.01891353581057422,0,349.1255377235055,708.251075447011
4m8m3pah,0.7223382614287535,0.39319913564030373,0.07668726966990715,0,671.0778000913708,1352.1556001827416
po8p7b2t,11.074543706745146,1.3919814054321165,0.07291335155835396,0,795.3002196548947,1600.6004393097894
fgkau3dc,10.169759069362968,0.7942974961827416,0.07763145534504717,0,830.3789066774383,1670.7578133548766
s0k86u6z,0.5191651209511146,0.38030634384873885,0.066589898315083,0,584.7205549898865,1179.441109979773
g3l3agcg,7.915980896776726,0.7977170941647216,0.08377460463050908,0,828.3211951545802,1666.6423903091604
pkvny0ef,0.5249681748970764,0.34266874718730245,0.07515146698672336,0,761.1729300580923,1532.3458601161847
9dj4jlkr,0.8589156746033382,0.4078321939252524,0.07368447231734507,0,643.4906268868688,1296.9812537737375
0dwelmb3,0.7888106358802096,0.40704817181366826,0.07158540292650065,0,558.6453716987921,1127.2907433975843
vsz9su7d,0.6771520216478295,0.37443126208787914,0.07187303236416195,0,704.7449207656202,1419.4898415312405
4yzb4862,0.7072325341184362,0.3624491191390222,0.06390930985555604,0,578.0227637151177,1166.0455274302353
k6vyw9pp,0.7948183368207498,0.40869367656577765,0.07235282384951078,0,565.2457657397227,1140.4915314794455
jgyk3u4o,1.2932845429249236,0.37702246390697136,0.08047371343270446,0,727.0289137882869,1464.0578275765738
0kw6wclk,0.8008534488297023,0.4126605381651342,0.07355175744468487,0,613.7325651806322,1237.4651303612643
pbzu2qus,2.851606230300918,0.013076253742829693,0.04393151807268775,0,518.3181026717161,1046.6362053434323
ww3mrcvc,0.38021843133365013,0.7531004551171709,0.13302008207199784,0,602.8452718781832,1215.6905437563664
0urt1012,8.668296757635112,0.006737946999085467,0.09583482900226686,0,913.6245529676103,1837.2491059352205
w7mx2b49,6.782726182944604,0.006737946999085467,0.0436612935242449,0,572.8482155135825,1155.696431027165
9n12tt53,0.6845633750908113,0.3689591131007086,0.07605001851774888,0,701.2107418280787,1412.4214836561573
3484pa7t,12.428673889641434,0.006737946999085467,0.05208721151264856,0,691.8951255719899,1393.7902511439797
yl5llon7,5.413990580662261,0.006737946999085467,0.05218037817175865,0,688.2268050058764,1386.4536100117527
4c5nwmmv,9.230925672115418,0.006737946999085467,0.05855036621722596,0,598.2205892075622,1206.4411784151243
sg90jtjf,0.7277179815727055,0.4288483921838518,0.09354254582759157,0,732.4278869563539,1474.8557739127077
7jt9qf11,6.014270690009383,0.006737946999085467,0.06898420338992547,0,923.8908580366256,1857.7817160732511
aa79kq90,0.7160877417501498,0.36295222985001047,0.07058008899377857,0,613.4256164350128,1236.8512328700256
nvq7lger,7.742631861814493,0.006737946999085467,0.04099664474820072,0,648.0334058877594,1306.0668117755188
koqpugz2,1.305020725424565,0.15032052667490342,0.05357903831745447,0,642.0486090084809,1294.0972180169617
263rg2td,9.723260941282206,0.006737946999085467,0.06811478897156134,0,752.2121812995613,1514.4243625991226
j99jksdb,13.24960317734591,0.6938279885846683,0.06575843804803269,0,679.299734441478,1368.599468882956
orpbydft,18.64837455140588,0.006737946999085467,0.05715143052790499,0,698.2173109876722,1406.4346219753445
83sszyxu,10.700852793603199,0.0812784269553458,0.07407935813208906,0,765.0240728069638,1540.0481456139275
cr9sm4s3,8.29457184615882,0.006737946999085467,0.05948999322111991,0,573.9082781090414,1157.8165562180827
k47b3m0z,12.345449575834976,0.8476069389825117,0.05515449348665006,0,655.921978108923,1321.843956217846
s8h1cm8g,9.490839908979567,0.8122786076032174,0.3259902018742889,0,1008.2284650479672,2026.4569300959345
hlxy6xje,10.343284799176395,0.025367239953181325,0.0524852840429111,0,702.8432587073253,1415.6865174146506
cqqftsks,1.177648577091202,0.012477901083515316,0.03854211399197041,0,464.90682885879255,939.8136577175851
ucs98zuh,0.8474014589155301,0.29059298824833346,0.05477223994829432,0,688.6637507015942,1387.3275014031883
u12l2jht,13.385473517329066,0.5879521791182398,0.06702912438515429,0,774.1698245524216,1558.3396491048431
vh11eq4r,4.988584441751369,0.41279594854609747,0.059530897211923575,0,675.0670399803629,1360.1340799607258
pbun22w2,10.359068149058713,0.8642453968373927,0.07845465943628871,0,806.3046324782732,1622.6092649565464
ee94749o,0.7177881994723457,0.3277013374471124,0.05813656101272316,0,622.6442027986786,1255.2884055973573
elpewlq2,17.05038696395855,1.105345404160856,0.060745747903373865,0,693.3252626229748,1396.6505252459497
fqz14k0q,0.7416460723030418,0.4265779444018748,0.0922087639747321,0,718.2393730758236,1446.478746151647
kj0ua3s9,10.902535359465254,0.43140229570718247,0.07048715932991279,0,783.4673251773345,1576.934650354669
uo88gv0w,7.433092283424969,0.32265101990782125,0.05834312698956913,0,653.9114294112187,1317.8228588224374
eff2w6hq,11.566591292124917,0.006737946999085467,0.06356666811549963,0,791.1134432065508,1592.2268864131015
yypl9xs7,0.9678386806531851,0.14444156330432742,0.07998095104146791,0,927.8131853818841,1865.6263707637681
135qwtdy,0.6210354555497244,0.40570871380439777,0.07811568605865438,0,826.3422640297956,1662.6845280595912
x4o058lj,7.322910719559851,0.8350927344793468,0.07149710939623666,0,785.6020093094289,1581.2040186188578
o52cwpzh,1.1098301864355915,0.142424430163047,0.05292788758848396,0,635.2812633923497,1280.5625267846995
rkl43lw9,0.8420272241170359,0.39900585009829104,0.07867957346041457,0,687.2967372026615,1384.593474405323
wmt9nsnd,16.522353041112236,1.2359159251139156,0.07123306965293177,0,717.9652605071547,1445.9305210143093
sck3cnjx,18.91047360235768,1.150460403193813,0.06195741306852497,0,692.7465088923336,1395.4930177846672
73pnjtbl,13.844573006148476,0.006737946999085467,0.05076899227242136,0,665.4300766253165,1340.860153250633
nn1o0o34,11.20212648171811,1.0130923843937003,0.06447048137353072,0,784.7419685436541,1579.4839370873083
s9szsy6w,0.7249340719054296,0.3113834078338821,0.05727085265371704,0,615.8599447073917,1241.7198894147834
a8qpexum,12.42484372850417,0.5829039063791718,0.07990456764784186,0,832.16269163312,1674.32538326624
momcdeje,0.6456379386526214,0.3242735389149005,0.05238919448710071,0,552.9688299863847,1115.9376599727693
23odf2ue,0.8608212883146514,0.36885576361041006,0.07042416881758444,0,661.6197315531931,1333.2394631063862
0p415lx3,14.15065458097408,1.1715428702524409,0.06641117190514575,0,799.5700610545318,1609.1401221090637
ly335abk,0.5023052127406449,0.8323725634994392,0.1955306245957915,0,818.1059243780605,1646.211848756121
yglpr1l4,1.284160929583254,0.14848540361374152,0.03367997269189917,0,511.9512021861693,1033.9024043723387
fe7wg6b7,0.2549263903222463,0.5378257140917956,0.11361575204407136,0,752.0416554943895,1514.083310988779
kpel97ec,3.493862406435628,0.006737946999085467,0.04897757436108988,0,718.7577863685527,1447.5155727371055
87v9658u,0.33797599774624837,0.4041559842808452,0.05557754519777591,0,393.58189521644607,797.1637904328921
69pm4uqh,0.713715561493085,0.3899586546362486,0.07999183169389468,0,708.0115177397824,1426.023035479565
yyeygp1e,0.49539946188997613,0.5645829046341244,0.11324469993204973,0,689.406406396138,1388.812812792276
vqy4jw7v,13.190623158476788,1.1143730505024299,0.06262160946597052,0,817.6700677386743,1645.3401354773487
nm9h4e9g,1.3128450112233803,0.006737946999085467,0.033205997945523626,0,517.3657960688096,1044.7315921376191
0v6umdqx,1.836645413631131,0.260555064958555,0.06266365459247364,0,637.8982364768441,1285.7964729536882
1djww6qm,12.845917236035454,1.0785146819574292,0.0814136344989207,0,808.376157512362,1626.752315024724
s0uavzu4,11.191626254154986,1.0631787106405142,0.06499128564558959,0,832.4053122342117,1674.8106244684234
9urfx3x5,7.996419052851127,0.39156583262118705,0.05669520113209986,0,613.4407550833865,1236.881510166773
wtm8kuhe,0.8397346901041507,0.3651388529069619,0.07007221544198002,0,619.4532345560369,1248.9064691120739
b815efyf,0.7086100834259174,0.40080678312946383,0.0713767661626034,0,608.7422595362295,1227.484519072459
b2jkxysa,0.85653895733657,0.4320999158021144,0.08019275020352984,0,676.5894706521713,1363.1789413043425
0pzmq854,0.6238246224285121,0.5314184825561222,0.10689353112718442,0,706.1750424797715,1422.350084959543
9lh648dn,10.108285995922769,0.24555863636397074,0.06485452002577405,0,684.6028620452277,1379.2057240904553
jb7pft02,1.5328219314517768,0.006737946999085467,0.04571097965160424,0,500.884216029085,1011.76843205817
alxj0qfx,0.7389328227071048,0.464857131125464,0.088486361724357,0,646.1358728807296,1302.2717457614592
a1826std,0.6382898841762368,0.3852428100296664,0.06593297655349785,0,563.3926789467139,1136.7853578934278
yayhmfjn,0.7072389535531302,0.18452951499513776,0.048128851281480284,0,569.0618959042561,1148.1237918085121
6tatjtst,5.873048973000604,0.006737946999085467,0.05584785592936861,0,557.0453531233263,1124.0907062466526
tzz21om7,4.024338941500158,0.006737946999085467,0.0492887056434753,0,509.9878625597926,1029.9757251195851
lc9nwnt6,15.77657867089702,0.8863764912905409,0.06257755733763277,0,723.3153009042967,1456.6306018085934
yqvyh6vn,0.7217409840683453,0.41932795978190796,0.0764848614585262,0,628.9618711489704,1267.9237422979409
nzv6jwhs,0.6970706829865563,0.3550857621399841,0.06619582230280556,0,661.3734225379765,1332.746845075953
t18afl5a,0.7596021351785426,0.3631624713531909,0.07100970990512065,0,727.1916253532415,1464.383250706483
wwko8kyp,6.4576842491187065,0.006737946999085467,0.06782765496775083,0,719.1240404552937,1448.2480809105873
2a5gce3t,0.9264580443846013,0.3875275147261015,0.0791980774032589,0,768.5858979705055,1547.171795941011
dxt2hbe5,4.136308542760414,0.006737946999085467,0.052492331791912046,0,626.8044230369618,1263.6088460739236
5fuqa1v9,0.6188444719656498,0.4054276776427762,0.07725723554662776,0,691.3535810374867,1392.7071620749734
tec0scn8,9.730219019360232,0.575496272705488,0.056338037481666395,0,689.7788342919555,1389.557668583911
z7gxue2j,16.438887615504413,0.7281965801422446,0.05741808135293048,0,721.250665045281,1452.501330090562
1y3mvrby,11.599070925553537,0.006737946999085467,0.05995542803826301,0,775.4237546449332,1560.8475092898664
m483enhb,8.653143848375855,0.30058041761826826,0.056990842335492425,0,692.0291343014337,1394.0582686028674
3qwj979a,9.500322419935298,0.30815941304468897,0.06671840101817925,0,726.2608202287983,1462.5216404575965
g1t94n5d,0.7444141743689083,0.3267700624839971,0.06409009664038418,0,656.9966733410067,1323.9933466820135
v40qkuc3,0.7745984906673986,1.3698166752224474,0.3696956415715253,0,947.3374037630095,1904.674807526019
4j8dqyzr,8.82486915262663,0.006737946999085467,0.06226251387290523,0,706.7296226477325,1423.459245295465
jf4v1x62,2.5950588872629097,0.12140366884697931,0.04414592373876227,0,511.2229287611562,1032.4458575223125
tfp0xxns,7.448604562942412,0.006737946999085467,0.3033003528401499,0,1068.0804197552966,2146.160839510593
p9q4wrpj,14.876597403100803,1.0836480770901038,0.07318737884224147,0,799.0146293772798,1608.0292587545596
mwxlwzyn,3.7165969384100164,0.06100281598642305,0.054985661969820465,0,641.0494878389468,1292.0989756778936
mwvs8r2u,0.7643443818352245,0.3402487250935622,0.0685660326074976,0,660.7398646468857,1331.4797292937715
mtfsokek,0.49408092161878914,0.4422227214420552,0.08835996788421391,0,805.4001679283399,1620.8003358566798
vfa8p4oo,0.5372435782987399,0.4910546587628867,0.10066680101088372,0,724.3031307576487,1458.6062615152973
y8pxsvuv,0.3407944603165468,0.6239814309668588,0.1558235259783996,0,861.9828465426481,1733.9656930852962
pjyf5evm,2.2637588839567773,0.11220458230112428,0.060576920299691556,0,658.9772996755567,1327.9545993511133
d4sgbqmd,0.9126989607066962,0.09836280484874924,0.025039611472228687,0,463.71353387843203,937.4270677568641
ws9x8reu,0.8041102323642544,0.35945508714775326,0.07137710184023893,0,659.0955813998339,1328.1911627996678
dfagdbqx,1.8201658211130622,0.13909481359978565,0.06103640057331694,0,644.2730041498953,1298.5460082997906
21u5e871,0.9631801706628738,0.3466485454374204,0.066647800031733,0,676.8118809183018,1363.6237618366035
jpcjb9dd,10.318740868334931,0.8995701546488204,0.07419098772743155,0,785.7316882801538,1581.4633765603076
0enc0xdd,1.617069894255455,0.015040846075344519,0.024492300795971103,0,333.175959702068,676.351919404136
yjb803pt,14.882342072093362,1.0905556513450487,0.051428558030263485,0,747.3575371241399,1504.7150742482797
h87phsot,1.1956414532912172,0.006737946999085467,0.04874544510727087,0,704.8484767660754,1419.6969535321507
8zsqfun7,9.400365419510434,0.8345350006593287,0.07227136819660619,0,852.7963256450639,1715.5926512901278
1nls4u5q,7.167906774725516,0.08972648163907684,0.05719095909196982,0,559.5562986791001,1129.1125973582002
6qqrh7uk,6.076635564124638,0.6210115747173239,0.08052371107843366,0,792.5148507301861,1595.0297014603723
08lucg24,18.9878136664896,1.5195147961556033,0.09403303270583284,0,940.6162474656473,1891.2324949312947
u2a8cfsu,11.35423123302628,0.7885834112837221,0.07648925255204603,0,812.9306949453229,1635.8613898906458
561smycq,0.6140979848914314,0.3871757640090583,0.07368952489962563,0,612.6263671336662,1235.2527342673325
pozawsex,12.93919998846,1.3874967790476838,0.054677700165117374,0,724.8722546893187,1459.7445093786373
x6dpln84,7.627312682002199,0.39924591963839345,0.05836464525209012,0,718.4756330660357,1446.9512661320714
habsbkg8,0.7914734688206772,0.052867922193486475,0.026090146060608624,0,421.18358137759054,852.3671627551811
bwqgpbqs,10.83178365797404,0.03430331635929502,0.07147525760361802,0,793.7997192995393,1597.5994385990787
g7fyw8y5,0.7231704636441181,0.3500270767123652,0.06815160551815325,0,723.7494741914409,1457.4989483828817
ufhuoag2,0.7850029611006992,0.3482583058134241,0.06490551409552782,0,616.959874119791,1243.919748239582
a2taqc42,4.287288399035706,0.07551174649191728,0.05763455496572756,0,586.0236780502455,1182.047356100491
9458jtjx,9.048738131609028,0.006737946999085467,0.08601660344232856,0,1017.2343227398799,2044.4686454797597
0xupal5x,13.367225820158195,0.6749474148781378,0.05135444751431696,0,638.749605250675,1287.49921050135
ed8jkb7x,1.8586015323282357,0.006737946999085473,0.047239362779313745,0,604.9515184057444,1219.9030368114888
82cr1h80,0.5571103731570426,0.5415529886161856,0.10458319035761307,0,769.9279491401335,1549.855898280267
25a8lb6z,12.231211315022435,0.006737946999085467,0.05440239317181447,0,654.2300532052716,1318.4601064105432
rw6tkw7n,0.9698370177891099,0.28174882428953285,0.06765425076756562,0,710.6999013662778,1431.3998027325556
6tdbftwn,15.127865258595413,0.8176899686734797,0.07649186554485116,0,794.5917211982241,1599.1834423964483
m6mcssjj,16.43671138601144,0.9665097072808146,0.0724387540828035,0,807.4317224031679,1624.8634448063358
9p9n4jry,8.361323262808527,0.33451806337775286,0.047991115969666626,0,541.1165949709031,1092.2331899418061
3b44614l,0.7416266097489554,0.106257176692374,0.027333895421754677,0,511.4575320060192,1032.9150640120383
g7fs9ze7,10.09592537356586,0.38274026665083605,0.08480803262751481,0,762.3772862493167,1534.7545724986335
jxxrv043,19.90511709678726,1.768346285147254,0.07220928113404324,0,905.3697648926992,1820.7395297853984
rv9j3ryb,0.7805843845250394,0.41025298992132475,0.07668492801896717,0,640.948609413131,1291.897218826262
nw6w3ycm,15.045168786185794,1.2192948531309593,0.06486426330327763,0,716.2821884156077,1442.5643768312154
dre2cj59,9.204634248365412,0.8509192984708376,0.06795202516131339,0,738.8375873420692,1487.6751746841385
61xzgaxv,0.8263726687294595,0.3542475018237192,0.07080606538465772,0,632.1929965615595,1274.385993123119
t7pjr6r4,0.8115010740976064,0.38889803061631734,0.06794455397909277,0,592.59228552868,1195.18457105736
r1h6ylxt,0.6670529260445404,0.36712006304770944,0.0700100780712366,0,644.326297972204,1298.652595944408
bc7dt0ks,12.359424690641278,0.45774761731480573,0.061618744053809425,0,661.1256088644858,1332.2512177289716
17fuqobw,0.6495944915607867,0.4565537318484429,0.08764330330136874,0,659.5440399738744,1329.0880799477488
vmo0k017,19.060306647114935,0.37203695605330717,0.06532939649480742,0,506.32996766065634,1022.6599353213127
45my1fdt,0.7825473874255097,0.38039469945494553,0.07561599155567111,0,726.4484149542872,1462.8968299085743
qcdoy32g,0.7002526124018025,0.45932611628055414,0.08930215206837067,0,730.9126532951311,1471.8253065902622
qap1fqjh,7.089492605098604,0.006737946999085467,0.04887705267280268,0,624.0768992975791,1258.1537985951582
ouhy0co3,0.8048857753715455,0.3407366423712293,0.05801432017484214,0,595.8582300290079,1201.7164600580159
51qos3vk,6.761372230221063,1.8809929635917555,0.06438251066125156,0,725.8669115271283,1461.7338230542566
3v3mn370,1.9419321990407696,0.006737946999085467,0.032278559893803044,0,455.9588869570928,921.9177739141855
3hjpvxo8,11.337213596493772,0.7027117086141077,0.07293881148031217,0,793.8429707046638,1597.6859414093276
zxexr9ya,1.79145894619017,0.006737946999085467,0.05539491763171155,0,692.901468707208,1395.802937414416
3tod3evk,10.86629581549241,0.8883857546509221,0.0767767502924361,0,793.6155991131661,1597.2311982263323
vu9lwuqb,10.482084479074148,0.006737946999085467,0.03952936568351266,0,558.7171699877034,1127.4343399754068
cds498zz,2.162198188087797,0.006737946999085467,0.03941029669401002,0,461.34294305487253,932.6858861097451
2k8tzxpc,16.958291357446285,0.969519830094052,0.07549117704205463,0,862.3743896919112,1734.7487793838225
cj4vhh25,17.959106394018853,0.6782276171508665,0.07431381991944445,0,852.9686660423846,1715.9373320847692
95ke8rst,4.607139014872553,0.2736991265721753,0.05440511900746414,0,550.8292282258637,1111.6584564517275
7re0z3sf,0.8663634073257293,0.06752443306028084,0.02980062292111532,0,448.02295227350584,906.0459045470117
fbe3zhyh,1.4940135583921563,0.006737946999085467,0.042632677612993455,0,505.1514128912026,1020.3028257824052
de5pykpf,9.720264289094555,0.006737946999085467,0.4285473391926067,0,1049.8988120351319,2109.7976240702637
53m70sf4,0.7142577874095823,0.36690116964170544,0.06756305574130173,0,617.2920330826759,1244.5840661653517
hl06f4tx,0.7027391054481813,0.4082547630191332,0.08197864451595824,0,718.2688845226559,1446.5377690453117
nd652d7c,2.8313930714054827,0.006737946999085467,0.04474057207209165,0,484.9457874320888,979.8915748641776
tylvjvpr,2.1341252291337343,0.3666130872323572,0.07964677524792706,0,812.2207534719511,1634.4415069439021
19czmcvf,9.749574274439674,0.006737946999085467,0.0745486698763794,0,786.242237113232,1582.484474226464
hrr07ppg,11.172876950122141,0.7987255297706672,0.07382484596800766,0,754.0529025429032,1518.1058050858064
eul9epha,13.605480940690946,0.9121263121196488,0.07707498845134383,0,762.3369445036985,1534.673889007397
qbypwwgp,14.369793075788152,0.006737946999085467,0.06345666189538747,0,731.8543988261126,1473.7087976522253
0d7d9bzv,0.8315979363649466,0.3813817624765694,0.0758429045416438,0,651.1703998199346,1312.3407996398691
3pewlnb8,11.791508654984156,0.39965967609916375,0.07971609572688934,0,806.5909248268861,1623.1818496537721
2lz8lw89,13.909609299641748,0.006737946999085467,0.05134332841675679,0,672.329178233951,1354.658356467902
vfeg17ts,2.1804632573004934,0.006737946999085467,0.04835842307276561,0,577.812374071966,1165.624748143932
bx4dc8o9,8.559630469640085,0.006737946999085467,0.04385387188382095,0,531.3857930978086,1072.7715861956171
oxy5h9qe,11.628609891239105,0.6432710652273745,0.05673365197755691,0,717.8218559006756,1445.6437118013512
5hp2cdgx,1.6157900443528659,0.21721891773279267,0.043674556662216854,0,520.6105368231972,1051.2210736463944
70kdk5v2,4.300346729348185,0.3188244200747935,0.06993793421478339,0,663.1738554647068,1336.3477109294136
jtrymj6s,13.382607771901927,0.6951453062227984,0.06569137641011191,0,738.1471064610135,1486.294212922027
06zfab74,25.09486219968867,0.006737946999085467,0.04956867905486105,0,677.0151010090738,1364.0302020181475
03j0v0fr,7.330450746580238,0.09593877613621321,0.06811740955899359,0,679.2851467687263,1368.5702935374527
2ao3mxn4,0.7736479766751938,0.41063675274897227,0.07995276230502901,0,628.0137223370364,1266.0274446740727
blqn8xnx,0.8710557588232954,0.2852393475463294,0.061470371245067004,0,751.3517928667923,1512.7035857335845
xwt3xyp6,0.6824461053866888,0.45792533009557046,0.08905193101354161,0,703.0089402335597,1416.0178804671193
l0mltuag,1.5143816107565087,0.1885951469565705,0.06207622242407734,0,632.6225601448438,1275.2451202896875
qhhumay2,12.99924694392681,0.31704504294740266,0.07320743092479207,0,745.3737361792473,1500.7474723584946
61anox6y,12.147051311916613,0.14519059703895226,0.07037468602495767,0,715.4834667291385,1440.966933458277
r8od6e5e,15.080360203496358,0.7614514187791656,0.07579019139822227,0,825.5868520362186,1661.1737040724372
2l7t057t,1.1733911793345184,0.15510450509949153,0.038557059597544234,0,536.8393856088892,1083.6787712177784
7rxojoy0,14.254993554991955,0.5687355012030886,0.055339126426314264,0,646.0381574925929,1302.0763149851857
fu02yz2g,3.432977680696361,0.24992177480606964,0.04227639984183601,0,456.3312870705959,922.6625741411918
exjk19br,12.161739494159145,0.4194526939377524,0.0690026028785859,0,660.4240410448194,1330.8480820896389
k4d2pfxy,2.8745129437084804,0.045797201337246435,0.049769631318906965,0,541.4310065834493,1092.8620131668986
gnbeoja8,9.710205671088303,0.8325652774820631,0.08150888929927508,0,800.8928772470415,1611.785754494083
qnklprod,16.532873130718794,0.10431388238592823,0.06792695483812411,0,715.6158824048243,1441.2317648096487
fs7bnwdl,1.0016496426156396,0.3393503668972482,0.07114049002551975,0,623.3120027172962,1256.6240054345924
y4k9jxza,0.6758323310597745,0.40789670552801194,0.07698693893124181,0,670.4639637272998,1350.9279274545995
uoeumkcs,16.704245632193604,1.386794998204734,0.050769072974364726,0,782.3264933795431,1574.6529867590862
2yz5r5vz,13.731929923083467,0.4085713631878851,0.06110339321594475,0,743.4223312584838,1496.8446625169677
0wf2ddmv,1.9437129366840273,0.06721908333863703,0.055437645286469446,0,516.469091415244,1042.938182830488
km34yl84,0.7231686213633068,0.383265381473087,0.06265852370690149,0,522.7907276432014,1055.5814552864028
p177jsrh,0.6582443093010639,0.08669309107277692,0.032318488043864724,0,345.6779710893749,701.3559421787498
w3jcoa6b,4.485770794404964,0.4286729832209638,0.06882661232525188,0,668.833109138973,1347.666218277946
vva47mv1,5.978628052016282,0.006737946999085467,0.049248329351948464,0,620.2301434822566,1250.4602869645132
p52j81cz,12.013929673352617,1.4882061527315864,0.04889713894920962,0,609.0088077528281,1228.0176155056563
j1xhpm98,0.7232520101703471,0.3447571626157818,0.061787820661240805,0,603.9899722468413,1217.9799444936825
dgjggl2o,0.9054307317878336,0.26881041466795175,0.05563195772869789,0,616.4232736869318,1242.8465473738636
s3mgwkm2,10.233814556973112,0.006737946999085467,0.05105118855686279,0,684.3337136381296,1378.667427276259
oe89xydy,0.7387816516668275,0.37509666750788273,0.07454608011783592,0,695.1708047396866,1400.3416094793731
66ap3ujd,0.7289026608222664,0.4333640172640094,0.07648340099204311,0,588.6267675438097,1187.2535350876194
gn0hmzkk,11.482316009357008,0.10650273534784582,0.05714470875649175,0,646.1273811829489,1302.2547623658977
3rz4swne,4.905540330872701,0.5096112628780922,0.04792730926452009,0,589.2551414032315,1188.510282806463
monmh9op,8.074690671088135,0.37800687765991803,0.06216162044827541,0,751.4140225154061,1512.8280450308123
jzlnzj7b,0.7333797099828122,0.4223584308638455,0.08151914859777493,0,640.9038547857049,1291.8077095714098
errxoxzh,19.341532636770523,0.006737946999085467,0.04796037926403691,0,482.47830266871813,974.9566053374363
fdr4ezap,5.163888794306027,0.006737946999085467,0.04212872002895335,0,542.7760263373261,1095.5520526746523
qzz9m6ge,0.761254479278103,0.36454760823454113,0.07472794381617114,0,697.1489663701868,1404.2979327403737
69dj2agf,0.7335985611256248,0.3622026367603567,0.07062574299092271,0,673.1320291078121,1356.2640582156241
l6z1al71,20.52927159744239,1.505150323718597,0.06672542229155218,0,801.4467544684769,1612.8935089369538
pn984mgs,5.100988524764881,0.006737946999085467,0.0708465537154834,0,772.3511719319467,1554.7023438638935
5kbxd8uz,11.268649322915039,0.5469548290429593,0.06273564217331076,0,641.0857923428646,1292.1715846857292
tffdz46p,0.9445707730778821,0.39733287327849054,0.07819298744571723,0,704.2589068558424,1418.5178137116848
09galsz1,0.9886543806616848,0.3794292426104524,0.07438009542146382,0,681.1765856267745,1372.353171253549
ks67df9r,18.822022051612038,1.3252716658048145,0.054525478043201694,0,777.4924155186118,1564.9848310372236
bznljvke,4.139969819867352,0.14421074042167764,0.06661719750106151,0,544.0293826161638,1098.0587652323277
m14rv4c6,0.7299988804783843,0.42712834115278264,0.08197674987996272,0,637.3887894841783,1284.7775789683567
hh8bjbva,1.933464163486667,0.12575511745241805,0.055002136658046756,0,704.0548017711635,1418.109603542327
fsg5svwk,1.052824670933934,0.05463871154883399,0.05243425885703322,0,725.1741587294329,1460.3483174588657
g6wnnphn,0.6917191446276616,0.4142210816479446,0.07284880194987745,0,570.2297542149859,1150.4595084299717
8ry4lzl1,4.193381325885642,0.006737946999085467,0.04924268869103665,0,578.7189160174564,1167.4378320349128
56rwcpa8,4.85083566157487,0.3594194303492231,0.06549242891477494,0,644.7435990027877,1299.4871980055755
6quecsp5,0.525739134277643,0.43835699122003935,0.07572279661538933,0,590.5125411655093,1191.0250823310187
g9dw2qc8,0.779714322411718,0.31285483963942917,0.0619973972575793,0,692.76001892669,1395.52003785338
oz8nbus6,10.230465260757402,0.5420369314031244,0.041461516337590716,0,612.3101924970706,1234.6203849941412
3k4juyeh,10.946159862958794,0.5178541124640361,0.630706613647141,0,1013.0666204429355,2036.133240885871
yncwfpu2,8.701541592851573,0.08360142341867831,0.06505037077380685,0,676.7140432705781,1363.4280865411563
m37vkz76,1.7093804194308044,0.006737946999085467,0.05156323459087369,0,591.5930340589306,1193.1860681178612
p3ezjn8p,0.7588688432043208,0.3916629739999701,0.07310868713118264,0,603.4602134900662,1216.9204269801323
ueksd0fs,6.462687042900324,0.03226725470945606,0.06467955999244993,0,637.9745738218306,1285.9491476436613
eqaxt99x,12.993694695020984,0.7618936574748825,0.07258105236795392,0,800.8823637899869,1611.7647275799739
2r65jqgo,0.7380603318739181,0.41945186833631937,0.07680357644625514,0,590.5229841600108,1191.0459683200215
6m0o03dt,0.756524981287493,0.3633458422636831,0.07050529753398571,0,667.2654868887233,1344.5309737774467
u3n89ngp,10.779357752701404,0.11351704790040307,0.06903959747257202,0,756.0240446485217,1522.0480892970434
fw4bca5o,0.752824663861808,0.04872566864782212,0.022765680391788834,0,328.9751972496627,667.9503944993254
85ttd9er,3.6206274201763464,0.01806153004004366,0.06111012843735179,0,651.3987912762791,1312.7975825525582
xznjmcgw,2.7590034075579983,0.006737946999085467,0.04269103300489892,0,611.828945634928,1233.657891269856
17dt9ke0,14.029778644109758,0.5756101195221452,0.0673455856020651,0,798.4648290501185,1606.929658100237
kl29jhqw,0.7772815099575331,0.39191523844838505,0.07705046561101513,0,669.7522879340261,1349.5045758680521
3w4hz57x,12.315890063284538,0.7566326466671497,0.061245744881511216,0,693.8791505373193,1397.7583010746387
co43locr,18.64041195419187,1.631181955124776,0.060978831987430954,0,820.7392163102406,1651.4784326204813
fc2y7mll,10.269950232132423,0.19577230335381157,0.057084673250433454,0,690.7905360287439,1391.5810720574877
xzo0n6f7,10.795275693621985,0.8748386446813936,0.07275257788918879,0,771.797339426948,1553.594678853896
uw7rul53,0.7499001064816371,0.39435325061606247,0.07065765001572683,0,615.1244291748528,1240.2488583497056
j6ytx9g5,6.1185664039494165,0.006737946999085467,0.057677867670971814,0,602.8811475321808,1215.7622950643615
4q6f4utw,0.8821910231141501,0.006737946999085467,0.02785696071969724,0,477.3088077427762,964.6176154855524
zw1sttb8,11.244481271212507,0.7259002686422302,0.07489466957944432,0,814.1091037539828,1638.2182075079656
hdp9gy0x,1.4974817479988844,0.006737946999085467,0.03454628545387357,0,541.4113177848692,1092.8226355697384
u4d1r83z,7.050642956766506,0.006737946999085467,0.05834821709257962,0,665.4362609427424,1340.8725218854847
hbl8dak5,0.2485535130362795,0.9947430011808139,0.17747034710460494,0,610.9091544598972,1231.8183089197944
8z9xy2k3,16.827953546258527,0.006737946999085467,0.046162484117704225,0,542.175201096953,1094.350402193906
9f31lkeb,1.2522375303312407,0.18788110551562337,0.04694559046268678,0,573.1115125731867,1156.2230251463734
gxwucuu6,0.5308494433604205,0.3812639379285676,0.07107281605773813,0,631.8011002748502,1273.6022005497005
s804rfdh,8.438724732621672,0.6465397131638922,0.4533431225559458,0,1007.3089215498533,2024.6178430997065
z2b2dhca,5.3975413046237435,0.3128182608530144,0.044697261633315395,0,577.406359037894,1164.812718075788
z388objw,0.7644061161272607,0.4211888239753043,0.07418754308914807,0,577.1910915444208,1164.3821830888417
dwc952nh,0.5559096481792442,0.2615136401360189,0.05928251131541794,0,762.6087454891664,1535.2174909783328
bsowyjtt,15.556780683524112,1.2256870128426018,0.04903262050830734,0,713.8833115040964,1437.7666230081927
uugj0lsw,13.686040528915363,0.7335538421115081,0.08622150022492361,0,841.5708203795842,1693.1416407591685
mldmml5a,1.0315489673780516,0.10335818393154761,0.041574288938738144,0,509.11181466739544,1028.223629334791
qxcq0nhv,0.7808887163627936,0.41960603917205685,0.07183845833922772,0,611.3983818160167,1232.7967636320334
rdncdssy,15.222530336925892,0.967689380135949,0.05928256403611205,0,778.2354523499877,1566.4709046999753
l8tn3b98,4.269884534298216,0.08802019088833862,0.05528504015969357,0,646.0675403701013,1302.1350807402025
klh8xxn9,15.544934918797463,0.5040479629597538,0.0643391596575264,0,777.7519103332653,1565.5038206665306
51ave3lv,6.01528600208117,0.21389527661730384,0.0681980673260099,0,719.5493876720298,1449.0987753440595
0ebc7yyz,1.897574527194627,0.144253967609977,0.038989668286056114,0,525.3769924163205,1060.753984832641
74v9c2vv,1.7095318454895891,0.10101591236327759,0.054104145043079824,0,528.2510183269793,1066.5020366539586
ezajy32v,4.2281312624282235,0.006737946999085467,0.055017852732691906,0,660.1507535918739,1330.3015071837478
elombrds,13.465017559519058,1.1548059942912894,0.07810908465356765,0,827.3804483525494,1664.7608967050987
4xdluwy6,17.899816292095192,2.148507842455566,0.06062468062075034,0,779.0338675175224,1568.0677350350447
m2jdeoos,6.476389064850469,0.7117563223398093,0.4403859988579237,0,1008.6209143164167,2027.2418286328334
ooe464l5,0.8262981762939714,0.39341189755727063,0.07137360204098656,0,679.5671363245109,1369.1342726490218
heb68jyq,7.398086650834797,0.38364873655466025,0.06560653771419914,0,713.6064046679122,1437.2128093358244
ub7koqzt,0.8132824451930016,0.35556884432216673,0.06919439837584465,0,655.5465727334187,1321.0931454668373
tfvdx0gr,19.444749656162664,2.027968985649478,0.08810683836562969,0,929.7016277579581,1869.4032555159163
bqy7rf29,1.8037904650653593,0.26516568004323027,0.05328647249210622,0,546.6035423463684,1103.2070846927368
r48qhh0c,5.789821715574869,0.006737946999085467,0.10875309289795132,0,968.6624777259358,1947.3249554518716
6bs8pbg3,11.292424591842138,0.45922585096205093,0.07426446958338603,0,832.6079940948019,1675.2159881896039
xq8bdjpk,0.875017425958017,0.03861549538908466,0.041663918400595384,0,530.8775942984457,1071.7551885968915
k1lvu5z4,5.06498932283595,1.1279951688950374,0.07544332173392723,0,778.8224421265672,1567.6448842531345
r0n9fg0u,0.6842383503140869,0.3990398352858777,0.0665369114064511,0,534.4078845643719,1078.8157691287438
2dbga6ee,0.5079261968399154,0.5643741731619787,0.1034449489086612,0,628.5853241700141,1267.1706483400283
5rznm5yj,0.28289563570221793,1.3826903379307889,0.22529506251701975,0,520.4799172315902,1050.9598344631804
l0wdr05u,9.614390777943356,0.7599516515210969,0.06312560416415933,0,736.232693186324,1482.465386372648
qv3dlzek,0.7707435978014644,0.4004863796243078,0.06884239951617462,0,520.0935659469875,1050.187131893975
rfbhb7b7,0.8919109205426017,0.4201320714456055,0.08582218224966087,0,754.3931617316545,1518.786323463309
av3l6owl,10.98167541914215,0.5442240389595148,0.06947987914790213,0,785.9495866862292,1581.8991733724583
edynb47f,0.8083325224361275,0.31469028653812703,0.062045637596258946,0,572.6974242076038,1155.3948484152077
de8w56p0,11.392017646273123,0.5834375126908163,0.0755821986469841,0,786.9484366263154,1583.8968732526307
vcz6zfs4,0.7099353343497425,0.4676965973595333,0.09391757169799182,0,696.4193748793328,1402.8387497586657
q9v14w67,0.8039284317863,0.35445350210120574,0.06511042757453026,0,628.4723672277373,1266.9447344554746
k95npjeg,1.0681226049400414,0.18231779300183887,0.05027310557588016,0,610.8916257840308,1231.7832515680616
xxlx39xs,0.7859874279741335,0.3916575702500865,0.07022736293219181,0,577.2673742549082,1164.5347485098164
wow5jbck,0.7275308278361352,0.31720028779284426,0.06055223215101341,0,656.456535103575,1322.91307020715
q3dgcpmu,15.382228887959602,0.6074252561489717,0.08265176824099285,0,774.4850678880982,1558.9701357761965
msycs6l7,0.6795379962743869,0.39200833863532114,0.06491196574007063,0,520.0342699151649,1050.0685398303299
j8cgr9v4,9.899645182804765,0.19511770025644892,0.07860025728792815,0,812.2774229069339,1634.5548458138678
4mdwzx9u,0.6433506866405734,0.5113636292161906,0.09491494513405227,0,610.7714654586274,1231.5429309172548
arqwm6sx,8.049314490954494,0.3056907112442251,0.092534637965608,0,851.7421274505683,1713.4842549011366
t5cr88m1,14.608146918454946,0.24422250407718302,0.05162584852127588,0,653.0704932445342,1316.1409864890684
t8mh798j,8.878769172864258,0.006737946999085467,0.04502801091127874,0,592.4910709667175,1194.982141933435
hbsvgc1e,0.8726944606859941,0.13631991244299013,0.035080445583236045,0,413.2970204440689,836.5940408881378
jcu4myzq,0.7593672590611733,0.37450041453504185,0.06184671634171843,0,549.5760993693004,1109.1521987386009
dnvez1ph,3.8416510142660836,0.006737946999085467,0.050346814597736586,0,611.0069096181686,1232.0138192363372
apep85nb,10.42071941962957,0.40626536756732157,0.07850460857438024,0,868.7406288989679,1747.4812577979358
zph264a5,15.917937619932598,0.6389854492806163,0.2909289367722664,0,1038.2526460505233,2086.5052921010465
vfjouvzl,0.6713120709856266,0.2966826250632122,0.0589326578959859,0,602.4003340281207,1214.8006680562414
a3cc625b,1.104432778819291,0.2920127970861112,0.0695773307909926,0,739.1432750103737,1488.2865500207474
dv7uembq,16.859028963245542,1.0693667722882423,0.06263418568722882,0,743.4247451652591,1496.8494903305182
yoqekrae,14.540156440116489,0.7900639754959973,0.07273247139857839,0,822.6402435292359,1655.2804870584719
94we44sa,1.0615105315729898,0.0067379469990854705,0.039720974515371404,0,469.16945307032455,948.3389061406491
aplpsca0,14.1008307433396,1.4392307431720064,0.05407282364235188,0,717.1035104837875,1444.207020967575
jkkgd2dq,12.58228194823159,0.9448292925389836,0.07798017698126603,0,781.1190956714765,1572.238191342953
tjfj83e4,0.7045458717879396,0.42749024274397657,0.08411322367829835,0,710.0121058990558,1430.0242117981115
6t4lc2ba,8.383673517248535,0.006737946999085467,0.0629097194096975,0,656.2293062961998,1322.4586125923995
vs1aswd5,6.845655947874624,0.006737946999085467,0.052044281813377447,0,565.7458786197238,1141.4917572394477
yaoc5wdp,1.9886378364300652,0.33573273572478646,0.05875119530949259,0,642.7165696002241,1295.4331392004483
xevbow2z,0.7793532702575583,0.4212572917525375,0.07497361868307578,0,609.9853278356632,1229.9706556713263
v2e651oo,0.4969089760270653,0.4133416336277251,0.06995148902351234,0,548.4192281440228,1106.8384562880456
jud38jxy,6.69074825194849,0.01317127678112744,0.06526162447770305,0,675.6922027341168,1361.3844054682336
oekmbxjz,14.296076937258047,1.013024493136501,0.06542069311727791,0,792.4912929977049,1594.9825859954099
g0wpqz9x,0.5828270696303303,0.42043541436546705,0.07221052303525793,0,726.0900443479993,1462.1800886959986
mkhc412r,13.234585713346746,0.8684029346014579,0.10446829423640858,0,921.6913932919637,1853.3827865839273
on0repnz,5.5323760255743055,0.014225806526935985,0.04349727001037139,0,544.6123928859662,1099.2247857719324
942rwz8e,7.879368694943396,0.012397274364024588,0.060014233414186324,0,582.9006162682522,1175.8012325365044
cmhf9h7f,10.582572264250487,0.37896017121909154,0.06015219882594458,0,694.5693694319095,1399.138738863819
4rymdpy9,5.384212709758017,0.35482372012684804,0.07264194802894128,0,774.0703748830466,1558.1407497660932
4d18dw1d,0.6810613226195761,0.3615038426391286,0.0644912848481343,0,572.826411873502,1155.652823747004
tc1z9vkv,0.8134811315462147,0.40959490645914853,0.07949985111029989,0,638.3474587765535,1286.694917553107
cm3vvtbb,0.7080875031706071,0.45254613926791337,0.08457268066549656,0,647.8127433313011,1305.6254866626023
