"","X","subjectID","av_distance","av_distance_prev","reclicks","HVclicks","Novclicks","performance","bonus","trials","slope_score","slope_novel","slope_dprev","slope_dhv","slope_dprew"
"1",1,"y3nzs4ud",1.37619047619048,1.45714285714286,124,124,86,63.1727272727274,0.821527272727277,210,1.17795197560878,-0.332782436460384,-0.17017211886165,-0.240481137920403,-1.79874302794464
"2",2,"xove9k48",0.766666666666667,0.952380952380952,147,147,63,64.4000000000001,0.860800000000004,210,0.510246885695659,-0.535830396555517,-0.192076550947594,-0.218881821695014,-0.948640455288399
"3",3,"7ewwuwva",2.46190476190476,2.36666666666667,4,4,203,52.1863636363637,0.469963636363638,210,0.0529088742935881,-0.0380268072433374,0.00722245050055476,0.0146915487895016,-0.581306526462613
"4",4,"2f18hawm",1.81428571428571,2.64285714285714,31,31,176,55.4318181818181,0.573818181818179,210,0.176433960689072,0.0420815398749861,-0.00457047666916416,0.00533213994403714,-2.08657095919797
"5",5,"oo6hmrca",2.66190476190476,3.24761904761905,38,38,168,56.5727272727272,0.61032727272727,210,0.22350905080867,-0.0117916071770282,-5.657209111673e-05,0.0123714240485787,-1.07555394542518
"6",6,"y8dydnnh",3.7952380952381,3.63333333333333,3,3,206,49.9,0.3968,210,0.640832284650111,-0.248753467504868,-0.0570584907820139,-0.0976094154532531,-1.66977750352206
"7",7,"6xlyhhqs",1.2952380952381,1.64761904761905,127,127,82,58.1863636363636,0.661963636363635,210,0.574340085749355,0.0167252995261972,-0.00866901478299452,0.0105390593253177,-0.686200667734226
"8",8,"2f00cejq",2.88571428571429,2.95714285714286,7,7,198,54.6318181818182,0.548218181818182,210,1.10640864697718,-0.241280339171982,-0.176636376229719,-0.231158395586389,-1.19960972293156
"9",9,"qol84cpr",1.91428571428571,2.61904761904762,12,12,198,55.6409090909092,0.580509090909094,210,0.979270591481412,-0.371632379071579,-0.24869492896651,-0.296493087318433,-1.27641814197325
"10",10,"vffduu0s",2.05238095238095,1.92380952380952,11,11,190,47.9818181818183,0.335418181818185,210,0.736888325207911,-0.47572546926982,-0.231497877379638,-0.26987775899786,-1.04819890351594
"11",11,"on95gvhw",1.32857142857143,1.90952380952381,48,48,150,53.3590909090909,0.507490909090909,210,0.0783390977719379,-0.157209162929515,-0.0203142763812864,-0.0182492978536628,-1.48846661749116
"12",12,"9jehfmot",3.24761904761905,2.63809523809524,3,3,206,51.1045454545455,0.435345454545456,210,0.0160822934086284,0.0528111936586671,0.00101459789265002,0.0296726293932136,-1.10673261768658
"13",13,"6fu1vnrn",1.23809523809524,1.41428571428571,120,120,88,54.1636363636362,0.533236363636358,210,0.0272869744733891,-0.0471355616682506,-0.000565189941825125,0.00425475917357521,-1.29416559638954
"14",14,"z978tvl5",2.17142857142857,2.41904761904762,13,13,195,58.8363636363635,0.682763636363632,210,-0.0153674418566766,0.000484712146212901,0.00183003254340232,-0.00455058286111427,-0.880579200652716
"15",15,"bhk2nvdy",2.02857142857143,2.0952380952381,39,39,170,50.2681818181818,0.408581818181818,210,0.0705026690753806,-0.0521450488436954,-0.0531953283378148,-0.0346611192043525,-0.49431096734256
"16",16,"0pgnsg7b",2.47142857142857,2.60952380952381,2,2,206,52.5,0.48,210,0.905472827479369,-0.174793186278319,-0.0990770838985164,-0.132365996632096,-2.13719161905207
"17",17,"ez5nwule",1.5952380952381,1.90952380952381,80,80,130,57.5272727272728,0.640872727272729,210,0.0219471234326062,0.0446984947028607,-0.00428807565306102,0.00177952809568895,-1.38395150859667
"18",18,"bbcfhwnz",2.15238095238095,2.17142857142857,28,28,175,53.3136363636363,0.506036363636362,210,1.38682098444245,-0.45911230367429,-0.223490864306744,-0.300511574923162,-1.61161630495983
"19",19,"o3y9yzef",1.24285714285714,1.59047619047619,92,92,116,60.7227272727274,0.743127272727277,210,0.535300447551271,-0.173741318686105,-0.0770501764232449,-0.101003317942314,-1.53078764075697
"20",20,"6gzo3kny",0.757142857142857,0.795238095238095,163,163,46,63.9545454545455,0.846545454545456,210,1.06875610157978,-0.383142817513116,-0.244622027319673,-0.31176075445741,-1.53244354691478
"21",21,"u4h0rknc",1.57142857142857,1.52380952380952,106,106,101,54.4363636363638,0.541963636363642,210,0.906392506322532,-0.293616077923258,-0.123587367666195,-0.162348533835393,-1.00456386480783
"22",22,"3tyq8bzq",4.66190476190476,2.41428571428571,2,2,197,36.6772727272728,0,210,-0.172641922183983,0.054085128694041,0.0065217717752582,0.0357431085762748,-0.837926034338055
"23",23,"97ocjb6n",2.32380952380952,1.86190476190476,7,7,200,47.6045454545453,0.32334545454545,210,0.116463843880955,-0.105986086476364,-0.0116230780650818,-0.0382564490990282,-0.834264018996103
"24",24,"0a6a9q2l",1.97142857142857,2.03333333333333,8,8,197,52.6681818181818,0.485381818181817,210,0.219909353649173,-0.0277229506180504,-0.00342475586401214,-0.00389708602709556,-0.894591298550944
"25",25,"23fx2n0v",0.933333333333333,1.22380952380952,155,155,54,65.8318181818182,0.906618181818183,210,1.05572437860876,-0.158418918778193,-0.0740144505384668,-0.141605130269772,-1.04159869090502
"26",26,"eqca3bl9",2.53333333333333,1.62857142857143,7,7,167,41.5545454545455,0.129745454545456,210,0.27506992280046,0.0484097005008117,-0.0137805024607381,0.00574562566967571,-1.88672950376251
"27",27,"6ktxvhv6",2.22857142857143,2.08095238095238,5,5,205,51.740909090909,0.455709090909088,210,0.496217630771787,-0.0735736641916985,-0.024035696657787,-0.052771942510053,-1.454215958767
"28",28,"0vry5ube",2.27142857142857,2.6,35,35,169,58.0454545454546,0.657454545454548,210,0.201245905017468,-0.0935036340647001,-0.00410720183264104,0.0030055811371862,-0.308696313938221
"29",29,"xdd8fo9z",3.30952380952381,2.72380952380952,4,4,196,46.8772727272726,0.300072727272723,210,0.979822486879218,-0.315704050926124,-0.197580465174703,-0.274395155333629,-0.967105749473924
"30",30,"wkbe3ber",1.90952380952381,1.98571428571429,13,13,189,48.9727272727272,0.36712727272727,210,1.05969257256796,-0.31847989416573,-0.18436857268229,-0.275877662428545,-1.54970783637331
"31",31,"l8ysv03y",2.16666666666667,1.75238095238095,7,7,197,49.2909090909092,0.377309090909094,210,0.605125423214972,-0.104174839511486,-0.0506334603853492,-0.0899189394543318,-0.739134807123699
"32",32,"qs8ywncu",2.4047619047619,2.34285714285714,6,6,198,50.6545454545454,0.420945454545453,210,1.28880134400967,-0.253503115873188,-0.205100278799887,-0.256089562605375,-1.75345690525137
"33",33,"0scns8fh",1.43333333333333,1.5047619047619,89,89,109,46.2772727272726,0.280872727272723,210,0.943143082104052,-0.107277632084411,-0.0461233621536802,-0.0610623192196563,-1.29108217230386
"34",34,"tl83w2xc",2.68571428571429,2.36666666666667,0,0,210,55.8045454545454,0.585745454545453,210,1.10251242883773,-0.442979443365148,-0.266236902492355,-0.307598568683688,-1.39649225538388
"35",35,"hzwr2bmw",2.32380952380952,2.05238095238095,109,109,98,51.4409090909092,0.446109090909095,210,0.911666821467398,-0.318982447701603,-0.210397417850759,-0.22876295157309,-1.67546897611068
"36",36,"gj6jtxzq",2.35238095238095,2.07142857142857,6,6,197,52.75,0.488,210,0.17879561099179,-0.083979259943003,-0.00419366676447007,-0.00226617144637273,-1.36658721101705
"37",37,"2z7pz06e",2.68571428571429,3.28571428571429,7,7,202,49.7727272727272,0.39272727272727,210,0.914977547469414,-0.28067387711773,-0.205521572337424,-0.252039471319485,-2.23865713765318
"38",38,"pkup4jsd",2.41904761904762,2.66190476190476,3,3,204,54.5181818181816,0.544581818181811,210,0.536027756595972,-0.210287796496368,-0.156853405090768,-0.229436097735566,-1.04119385631469
"39",39,"uj6zfcm0",2.85238095238095,2.73809523809524,10,10,197,53.9454545454546,0.526254545454547,210,0.80880938117044,-0.124674601341882,-0.0850474430781264,-0.135268627023246,-1.85845558920568
"40",40,"1n75pw58",1.54761904761905,1.55238095238095,1,1,206,48.7636363636364,0.360436363636365,210,0.04820656836868,0.0944539824747595,0.00892294448809645,0.011053440375042,-1.39010638312107
"41",41,"tcd29yg9",2.63809523809524,2.60952380952381,7,7,181,53.0090909090911,0.496290909090915,210,0.158939146937045,-0.0488582649867696,-0.0129039646215588,-0.00513919510552115,-1.71338655846501
"42",42,"a8ps9sdf",3.24285714285714,0.69047619047619,68,68,36,37.1909090909092,0,210,-0.148252691311095,-0.0805511117375574,-0.0196058978243286,-0.00265273630048089,-1.01582518270579
"43",43,"9fztwznf",2.3047619047619,2.21904761904762,70,70,131,53.5454545454546,0.513454545454547,210,0.415608487631357,-0.0343045803689858,-0.0241090708150926,-0.00535286415305297,-1.55532661984627
"44",44,"s6mhm6ft",2.73809523809524,3.5047619047619,4,4,205,55.1318181818182,0.564218181818182,210,0.273132660094567,0.00694963136825555,-0.0133005977123759,-0.0109276198942099,-1.90105909225947
"45",45,"2xmlbgk1",2.72857142857143,2.98095238095238,7,7,201,47.9818181818182,0.335418181818183,210,0.387684786336336,-0.0934429718327407,-0.0146315808114677,-0.00891629616907004,-1.82147520852005
"46",46,"dvve9pgf",2.05714285714286,2.55714285714286,92,92,118,59.5818181818182,0.706618181818182,210,0.0861146213271606,-0.0753777523323789,-0.0249952034877393,-0.00411097098584233,-0.630879317058351
"47",47,"n23x07jd",2.24285714285714,1.84761904761905,1,1,207,48.6227272727273,0.355927272727274,210,0.797677907093544,-0.361614465485713,-0.221478335437789,-0.261318301333718,-1.44688188807982
"48",48,"mte6huys",0.847619047619048,0.957142857142857,132,132,76,58.5545454545456,0.673745454545459,210,0.731659640940175,-0.104906045371923,-0.0755334672740592,-0.122144695626695,-0.949916799363347
"49",49,"1fzhpzza",3.14761904761905,3.2047619047619,11,11,190,49.7909090909089,0.393309090909085,210,-0.0773473705973732,0.153870598743675,0.00765935333952385,0.0218585190240009,-1.37438198397487
"50",50,"rnrzj41w",3.67619047619048,2.90952380952381,4,4,202,51.6318181818182,0.452218181818182,210,0.564866634596912,-0.0493233294799858,-0.0210449569257314,-0.00804456495951181,-1.79953608885959
"51",51,"rvya0qp8",1.85714285714286,1.94285714285714,1,1,208,49.8727272727273,0.395927272727274,210,0.702434288223943,-0.166973367816958,-0.127604390151797,-0.123093253304041,-0.703471755767077
"52",52,"5l05oj47",2.2,0.280952380952381,128,128,13,34.7090909090907,0,210,0.504272085570535,0.0663591252331312,0.00400624905858796,0.0062289989692956,-2.06296837509709
"53",53,"qkprp7u8",2.38095238095238,2.51428571428571,5,5,204,51.5181818181819,0.448581818181821,210,0.847583658737031,-0.170404023523743,-0.0628237267304069,-0.172037448430808,-2.49848333674928
"54",54,"nrv2ltos",1.65714285714286,2.25238095238095,3,3,207,51.4136363636364,0.445236363636365,210,0.934280118253615,-0.360332955553902,-0.229528780721319,-0.287214720836707,-0.972416952578741
"55",55,"ummoyn5b",4.3,1.63809523809524,7,7,187,32.3136363636364,0,210,1.22204728032081,-0.325012374755274,-0.096255142081807,-0.240465381976108,-1.71355510290115
"56",56,"s23q96aj",2,2.11904761904762,14,14,186,51.8227272727272,0.45832727272727,210,0.660948306483302,-0.270852698612961,-0.14974163495896,-0.209341417183052,-1.30919208253402
"57",57,"qulmqfln",2.22380952380952,2.43333333333333,3,3,202,52.890909090909,0.492509090909088,210,0.201729351862011,-0.0210981846608218,-0.00164692589241329,0.00479636356317407,-1.97973928502146
"58",58,"fr9eyqln",2.21904761904762,2.25238095238095,3,3,203,57.059090909091,0.625890909090912,210,0.416642272060366,-0.178147476418768,-0.0119475586061547,-0.0444706266293463,-1.4740450460274
"59",59,"k7c9p0th",2.62380952380952,2.84761904761905,1,1,209,55.9318181818182,0.589818181818182,210,0.278647784693187,-0.0694173195183109,-0.052250912521263,0.00935348848343745,-0.0791760805979829
"60",60,"hy9efhu6",1.69047619047619,2.00952380952381,54,54,154,58.6454545454546,0.676654545454547,210,0.196948597151803,0.100293069928843,0.0187517392585361,0.0297756180032644,-1.42160576419987
"61",61,"c9fy7x92",2.98095238095238,3.0952380952381,23,23,181,56.4909090909092,0.607709090909094,210,0.314877966335486,-0.100930534268842,-0.0324914570438853,-0.0187046335055842,-1.36630513200787
"62",62,"lgtg6cjw",2.72857142857143,2.51428571428571,5,5,203,51.2045454545455,0.438545454545456,210,1.63342023542161,-0.252196580182587,-0.000457081503271922,-0.245281525256171,-0.22052306597563
"63",63,"lgyrvhz9",1.3952380952381,1.53809523809524,101,101,108,60.3318181818184,0.730618181818189,210,0.44391303863247,-0.062510486824853,-0.0486089990055697,-0.0386670058457637,-0.720836057881937
"64",64,"h4g65ryu",0.480952380952381,0.204761904761905,121,121,33,48.3909090909092,0.348509090909094,210,0.357115519568338,-0.0515000407333698,-0.0148531213074044,-0.0281327830177657,-1.37268288457179
"65",65,"4z1o75zp",0.919047619047619,1.02857142857143,126,126,80,56.3863636363637,0.604363636363638,210,-0.0877978559414412,-0.159922576670894,-0.0348585534542742,0.00225153336975821,0.237524872705514
"66",66,"3zy8k7oh",3.13333333333333,3.30952380952381,2,2,207,55.109090909091,0.563490909090912,210,0.746102952245483,-0.726077395572476,-0.273026529567029,-0.317920746507401,-1.11087679849292
"67",67,"mu0qm1l4",2.4047619047619,1.85714285714286,5,5,195,43.7818181818181,0.201018181818179,210,0.39544111978397,-0.144854218774173,-0.0591168133163931,-0.0697799129233719,-1.19906776311647
"68",68,"et0kuusz",0.666666666666667,0.885714285714286,163,163,46,68.7272727272727,0.999272727272727,210,0.159204454181726,0.0450487486320761,-0.00377829511605571,0.00683671594003207,-2.38984952163334
"69",69,"hanc2y2m",0.476190476190476,0.747619047619048,119,119,89,57.068181818182,0.626181818181824,210,0.153066647659328,-0.00682289846483547,-0.0013458538517527,0.00213240526644966,-1.39196302717805
"70",70,"28zss8zo",1.11428571428571,1.46190476190476,98,98,105,59.4999999999999,0.703999999999997,210,0.689159905258415,-0.294330898970548,-0.160289699813376,-0.179663928826265,-1.23489410308022
"71",71,"3f2c5lhp",1.98095238095238,2.93333333333333,63,63,140,62.0681818181817,0.786181818181815,210,0.806974672641297,-0.255998119454487,-0.149619238425402,-0.235295612466938,-1.09711811652899
"72",72,"wbxpjhzw",1.24761904761905,1.3047619047619,111,111,99,57.1863636363638,0.629963636363642,210,0.0777585279263896,-0.0133107943453781,-0.0106265884886277,0.0237762580418945,-0.663749564399947
"73",73,"okuug6ro",2.5047619047619,2.11428571428571,7,7,189,48.9818181818181,0.367418181818179,210,0.978505500440052,-0.31280830586575,-0.165005575340909,-0.220733286140271,-1.50945359164698
"74",74,"tc1z9vkv",2.08571428571429,2.52380952380952,7,7,202,56.1863636363635,0.597963636363632,210,0.38161314122245,-0.0645245274789363,-0.0203243862356257,-0.00256804766347196,-1.78724863846324
"75",75,"942rwz8e",1.17619047619048,1.74285714285714,101,101,104,64.5090909090912,0.864290909090918,210,0.34691278526691,-0.03874236060583,-0.010802392023648,-0.00861218959726043,-0.551089213900208
"76",76,"cm3vvtbb",2.01428571428571,2.2047619047619,0,0,208,51.6136363636364,0.451636363636365,210,0.329351828387496,0.0505107306291497,0.00479198622029463,0.0132275949210689,-0.665561467015548
"77",77,"4rymdpy9",2.1,2.7,26,26,183,53.7590909090908,0.520290909090905,210,1.14389524525786,-0.385605311455478,-0.264534019046821,-0.317651459412441,-1.85098580798006
"78",78,"cmhf9h7f",2.06666666666667,2.51428571428571,34,34,174,59.5727272727273,0.706327272727273,210,0.308914308829143,-0.230993104443505,-0.0233178008572587,-0.0991375902250506,-1.59560300212042
"79",79,"ac20tx2t",2.5,2.07142857142857,10,10,191,46.9409090909092,0.302109090909094,210,0.340381515117777,-0.0251079602482566,-0.00204543899491814,-0.0112309600317907,-0.403282788839958
"80",80,"pdpu75ae",0.814285714285714,0.938095238095238,141,141,69,62.3363636363636,0.794763636363635,210,0.0753371557780517,-0.0674928070041159,-0.00483382475920353,0.00122312946052235,-1.42990592965248
"81",81,"q7lmjhfx",6.12857142857143,6.45714285714286,1,1,202,39.1272727272727,0.0520727272727264,210,0.789696272282892,-0.355576340855825,-0.214420898774263,-0.283125499698753,-0.90435156366461
"82",82,"okkwdmuz",2.24285714285714,2.55238095238095,26,26,180,51.9136363636364,0.461236363636365,210,0.568651308323534,-0.108668907479275,-0.0102008905970588,-0.0926337165951847,-1.05175597713888
"83",83,"gjx1xqve",1.2,1.29047619047619,59,59,133,52.6227272727272,0.48392727272727,210,1.18601333473064,-0.247944915569078,-0.0987567126535724,-0.160737439874965,-1.44867827323773
"84",84,"f2u49qkb",3.75714285714286,2.5,49,49,151,39.2909090909091,0.0573090909090914,210,-0.058556907279657,-0.032739828733775,-0.00129032231298905,0.0286396910009946,-0.962904691562775
"85",85,"r95qjqzn",3.71904761904762,3.05238095238095,12,12,193,44.1681818181818,0.213381818181818,210,0.224593750942879,0.0293582853064912,0.0032936379705,-0.010093747191076,1.4030334445609
"86",86,"ws26lh5t",0.919047619047619,1.09047619047619,131,131,77,54.2272727272728,0.535272727272729,210,0.904044460927737,-0.288272707290236,-0.0976989290758396,-0.122166820809217,-1.50846342843599
"87",87,"8scmmnfe",1.40952380952381,1.68095238095238,100,100,110,60.5636363636362,0.738036363636358,210,0.986184009166356,-0.0820847395870575,-0.00467425251420704,-0.0345901682478642,-0.453049889326233
"88",88,"dd2vv1pc",1.54285714285714,1.15714285714286,144,144,64,56.5363636363636,0.609163636363635,210,1.20879181066015,-0.291307334983878,-0.205967016613493,-0.263176150917841,-1.23520515245649
"89",89,"qnvv8yqa",3.88571428571429,1.91428571428571,3,3,199,42.4181818181818,0.157381818181818,210,1.20230976522123,-0.440731762920329,-0.170861920880316,-0.30568317106574,-1.72053078789095
"90",90,"9dj4jlkr",1.93809523809524,1.99047619047619,8,8,198,53.9590909090908,0.526690909090905,210,-0.034026093452032,-0.459820320396245,-0.0788982587787238,-0.0336668921498629,-0.0623484880212557
"91",91,"226lmynp",1.66666666666667,1.68095238095238,137,137,68,58.8863636363637,0.684363636363638,210,0.0982339848383719,0.00193174448477948,0.00355396094956302,0.0021320440844593,-1.79715226615677
"92",92,"s0k86u6z",1.77619047619048,1.5047619047619,14,14,181,45.8954545454546,0.268654545454547,210,-0.410583567048538,0.0770129282697098,0.0174043902179732,0.0345474426001181,-0.0452292106646841
"93",93,"7lf01veg",2.3,2.76666666666667,6,6,203,56.190909090909,0.598109090909088,210,0.211983074813378,0.0627217686648851,0.0240310304142437,0.0303130736561711,-1.33412625268954
"94",94,"t05dwmza",1.14285714285714,1.33333333333333,92,92,116,57.9636363636365,0.654836363636368,210,0.296074849249966,-0.0781666814674033,0.0147415420963882,0.0111230425178912,-1.48083742438985
"95",95,"nuy037dr",1.6,1.23809523809524,61,61,123,52.6499999999999,0.484799999999997,210,0.236337276071669,-0.0861794229064619,-0.0345048909369061,-0.0108447936165903,-1.44595331703433
"96",96,"rp6yd4ek",2.08095238095238,1.95714285714286,6,6,198,49.2999999999998,0.377599999999993,210,0.247922966202384,-0.0207867331300257,-0.0163683688027871,-0.0046795970131769,-1.51668263201399
"97",97,"zaycgqlg",1.92857142857143,2.22380952380952,4,4,203,58.3,0.6656,210,-0.033999387484454,-0.0474662880416117,0.00470096503306471,0.00187596461738818,-1.61386825079572
"98",98,"wgsfuezt",2.6047619047619,3.21428571428571,0,0,210,52.4181818181817,0.477381818181814,210,0.157421635181079,-0.0448788196286238,-0.0339929490208001,-0.0319965825073051,-1.63087575255
"99",99,"sjses643",3.01904761904762,3.51428571428571,32,32,175,51.2318181818182,0.439418181818182,210,1.13537825457847,-0.291013760514325,-0.205335991464957,-0.262679314239414,-1.06241830455888
"100",100,"4m8m3pah",2.37142857142857,2.02380952380952,7,7,192,49.6318181818183,0.388218181818185,210,0.819431497281828,-0.228921622579178,-0.139261419938902,-0.173307804257687,-1.42990844483037
"101",101,"araqn644",3.34285714285714,2.96666666666667,0,0,209,50.3863636363636,0.412363636363635,210,0.00562548684054831,-0.00793281015515854,0.0016777707032414,0.00544827480067327,-1.35553753485093
"102",102,"lp2mqb2q",1.8952380952381,2.16666666666667,94,94,115,62.9454545454546,0.814254545454547,210,0.701485712110434,-0.0967170740427624,-0.0295318102434335,-0.0254958990577923,-1.09389451488372
"103",103,"93cyuzq9",3.48095238095238,3.27142857142857,0,0,208,46.390909090909,0.284509090909088,210,0.187151412606729,-0.0805748978341283,-0.0123136806857034,0.00312981519778605,-1.30849865863804
"104",104,"dl4eyqbx",2.27142857142857,2.6,0,0,210,53.5500000000001,0.513600000000003,210,0.873265091852674,0.0398963533641765,0.00199123418612604,-0.0128264258726504,-0.281735371681677
"105",105,"70k36ppc",1.83333333333333,2.24761904761905,92,92,117,58.5136363636365,0.672436363636368,210,0.708756172438064,-0.328594576310159,-0.0619497709946053,-0.155694086577534,-1.38206728807733
"106",106,"on1bl8yv",1.93809523809524,2.65238095238095,50,50,157,56.2272727272728,0.599272727272729,210,0.577361427606953,-0.361423597424254,-0.199248067661336,-0.275099938589989,-1.21808021117063
"107",107,"pcxgxry4",1.01904761904762,1.41904761904762,100,100,109,62.8272727272727,0.810472727272727,210,0.87152111226962,-0.0588016938072186,-0.0125982307299183,-0.0331055266171188,-0.974616523712696
"108",108,"1y6254d1",1.61428571428571,1.89047619047619,110,110,100,56.3727272727273,0.603927272727273,210,1.09394239306462,-0.583747812611049,-0.278614355300455,-0.331686940045622,-1.87926917120679
"109",109,"2fnxwnvs",2.63809523809524,2.3,13,13,186,53.2409090909089,0.503709090909085,210,0.919192035896365,-0.295191700770847,-0.199756129172352,-0.273433536214607,-1.74437477397449
"110",110,"4jsxpoh0",3.26190476190476,3.0047619047619,4,4,201,53.4363636363637,0.509963636363638,210,1.14704541833243,-0.203066169710306,-0.142224395001947,-0.190113540150632,-1.4833435136989
"111",111,"f97x5a7b",0.661904761904762,1.18095238095238,106,106,104,65.0954545454546,0.883054545454547,210,0.597303599076965,-0.178070880690166,-0.0379913741730194,-0.166506562088965,-0.898238412642907
"112",112,"aqhlltdg",1.85238095238095,2.20952380952381,85,85,125,60.7227272727272,0.74312727272727,210,1.06223263904464,-0.294551020676429,-0.205281397161539,-0.273463172096525,-1.77088083986214
"113",113,"e8ga874k",1.28571428571429,1.22857142857143,144,144,65,54.4454545454545,0.542254545454544,210,0.161232506525652,-0.0459456726713484,-0.0160216777666684,-0.00761188623030215,-1.16614082499158
"114",114,"sm3b4qz5",2.30952380952381,2.56666666666667,0,0,210,58.2999999999999,0.665599999999997,210,0.244365805021699,-0.0521020001545129,-0.0507019546343697,-0.0119930173995425,-0.638200440228688
"115",115,"5q9pdlcx",2.34761904761905,2.60952380952381,10,10,195,53.5545454545453,0.51374545454545,210,0.540397997551617,-0.0454909742616057,-0.00095840296640301,-0.0176483390936459,-2.00233448169691
"116",116,"f421z9m5",2.77142857142857,2.18571428571429,3,3,193,47.9272727272726,0.333672727272723,210,0.879374088402674,-0.248233730491154,-0.182461318739455,-0.205932195468285,-0.989306820662818
"117",117,"9gmqg3ya",1.44761904761905,1.4047619047619,49,49,152,55.8500000000001,0.587200000000003,210,0.85952393934463,-0.244409460332679,-0.107042217403724,-0.181710982521417,-1.66047278837271
"118",118,"0u0s8efv",3.40952380952381,3.72380952380952,35,35,171,51.75,0.456,210,0.199439555360212,-0.0233570259689804,0.00927736719910822,0.00178313867054535,-0.257011908541228
"119",119,"po8p7b2t",2.95238095238095,3.10952380952381,3,3,204,51.1545454545455,0.436945454545456,210,0.991624596819542,-0.346556246991156,-0.209797701761276,-0.276151168600601,-1.36104270343702
"120",120,"ovbum0qq",2.7047619047619,2.92380952380952,1,1,208,52.5772727272728,0.48247272727273,210,0.407342505357322,0.0492201722446048,-0.00132631573281637,0.000600485793096933,-1.32108746515588
"121",121,"r1nr0t86",1.36666666666667,1.43333333333333,114,114,95,55.2454545454546,0.567854545454547,210,0.290984068375595,-0.043795963716527,-0.0332487643085617,-0.0327073578841006,-1.15702670343623
"122",122,"l1yxf867",2.58095238095238,3.13809523809524,4,4,205,50.7181818181817,0.422981818181814,210,-0.084305580945669,-0.0434483225363499,-0.00888845475162622,0.00171487717740276,-0.213069298558523
"123",123,"vqspl1ff",1.98095238095238,2.53809523809524,65,65,143,60.2681818181817,0.728581818181815,210,0.908764238896815,-0.276083833142939,-0.203501735423927,-0.243731625869864,-2.03006004004818
"124",124,"v6rahg9p",2.01904761904762,2.29047619047619,83,83,127,57.5727272727273,0.642327272727274,210,1.09855886158997,-0.463660148663453,-0.268530769757842,-0.329014797404787,-1.47079542625675
"125",125,"yjk4v9ot",1.16666666666667,1.52380952380952,148,148,62,57.9545454545454,0.654545454545453,210,0.971905233758193,-0.305294667203827,-0.180373638488472,-0.259114210194423,-1.64034603639734
"126",126,"lsedd4sa",3.2047619047619,3.04761904761905,25,25,180,52.6090909090909,0.483490909090909,210,0.515044356376496,-0.0452924225521803,-0.0215342896350426,-0.0159459825974344,-2.34755985557601
"127",127,"4aqbvkeg",0.70952380952381,1.0047619047619,162,162,44,57.3363636363636,0.634763636363635,210,0.177044074637666,-0.0849011465664812,-0.00418204526954799,0.00173405810671876,-1.35143184175785
"128",128,"3tfwxrwx",5.81428571428571,4.80952380952381,22,22,177,42.7409090909092,0.167709090909094,210,1.00716919980108,-0.407786323731397,-0.218748274596609,-0.29072909824121,-1.46979407540055
"129",129,"sn8pstys",2.08571428571429,1.81428571428571,10,10,191,44.7500000000001,0.232000000000003,210,0.211620066743306,-0.0901573722932032,-0.0425838521806746,-0.0838916428784268,-0.442483373534426
"130",130,"uex0utrw",2.4952380952381,2.87142857142857,77,77,131,54.8545454545456,0.555345454545459,210,1.26181562510568,-0.439854495529142,-0.273317028357677,-0.32639480047545,-2.07564408394524
"131",131,"pkvny0ef",3.0047619047619,1.97142857142857,16,16,179,41.8272727272728,0.13847272727273,210,0.693548044486173,-0.413256665528438,-0.1979799546063,-0.251538298861665,-1.24818769564553
"132",132,"fgkau3dc",3.00952380952381,2.9,4,4,201,52.7954545454545,0.489454545454544,210,0.596732235716086,-0.0748881599014465,-0.00350862002532537,-0.00173937723908481,-0.792732959736196
"133",133,"vsz9su7d",1.96190476190476,1.9047619047619,15,15,189,49.5545454545453,0.38574545454545,210,0.327992308188191,-0.20377695051191,-0.008202958373301,-0.0249512878813102,-0.671790476244988
"134",134,"ww3mrcvc",2.53333333333333,1.5,3,3,194,42.2999999999999,0.153599999999997,210,1.29427559316851,-0.337944279253114,-0.19339774683105,-0.276653220533014,-1.54184998369355
"135",135,"0dwelmb3",1.85238095238095,1.74761904761905,8,8,197,55.5909090909091,0.578909090909091,210,0.937979767517055,-0.302085298322135,-0.157956649023191,-0.179321517315277,-1.08179393956968
"136",136,"o1ev7h6r",1.4,1.48095238095238,135,135,74,59.7363636363638,0.711563636363642,210,0.566458566367053,-0.210671956417203,-0.0997321715906037,-0.155809182454941,-0.654835348092042
"137",137,"bf9my2xy",2.13809523809524,2,24,24,175,52.0318181818179,0.465018181818173,210,-0.0940291852302182,-0.0753242776769702,-0.00526635365416968,0.00366514801749009,-1.54378478872313
"138",138,"k6vyw9pp",2.33809523809524,2.26666666666667,4,4,202,56.3409090909091,0.602909090909091,210,0.798580350477233,-0.187065300400451,-0.0710103793602581,-0.154903624266805,-0.697590129878235
"139",139,"uo65uyqg",0.742857142857143,0.957142857142857,108,108,94,57.7727272727272,0.648727272727271,210,0.611849251250378,-0.148851652448885,-0.0264796603890431,-0.0993341856518065,-1.45436320424225
"140",140,"0kw6wclk",2.61904761904762,2.71428571428571,3,3,206,51.8999999999999,0.460799999999997,210,0.969422706445851,-0.455789382785413,-0.237800227026063,-0.299433493859853,-1.13060965517892
"141",141,"3hnhlq41",2.10952380952381,2.87619047619048,9,9,200,56.9954545454546,0.623854545454547,210,0.960755365777399,-0.340776878062886,-0.20703331420174,-0.286729655416547,-1.50190867752633
"142",142,"abvg6ws6",5.55238095238095,3.33333333333333,0,0,204,42.6,0.1632,210,0.512857728278799,0.0168231510582736,0.0243696093790294,0.0375596107538167,-0.659569114080145
"143",143,"3hfyjwzt",1.57619047619048,1.91904761904762,63,63,146,56.4454545454544,0.60625454545454,210,1.16524130876192,-0.414558061470767,-0.260602568397039,-0.322679715587341,-1.35651234840799
"144",144,"g3l3agcg",1.8952380952381,1.53809523809524,19,19,169,45.3181818181819,0.250181818181821,210,0.999120087763185,-0.213363531429127,-0.0373522258649184,-0.102088039681171,-1.80139054272763
"145",145,"0e8cp3ts",1.63333333333333,1.99047619047619,77,77,132,60.6181818181818,0.739781818181817,210,-0.160138334418986,-0.110093373535808,-0.0543463843173417,0.0111498869213419,-0.0756731154548593
"146",146,"4yzb4862",2.16190476190476,2.26666666666667,4,4,202,50.7681818181819,0.424581818181821,210,0.199926844528565,-0.0393369985311433,-0.0150380253021832,-0.0129799780667143,-1.89666106708379
"147",147,"cvn547tp",2.08571428571429,2.6952380952381,103,103,107,64.0681818181818,0.850181818181818,210,-0.0911345334332939,0.00490057972725261,0.0126543454286934,0.0166306225444878,-0.755524360796022
"148",148,"1u45u548",1.48571428571429,1.9952380952381,89,89,119,61.1045454545453,0.75534545454545,210,0.0313498747143262,-0.0716692407418269,-0.0074008303076884,0.00453575056100844,-0.587087846276428
"149",149,"jgyk3u4o",2.21428571428571,2.7047619047619,22,22,187,58.3636363636364,0.667636363636365,210,0.197682647260138,-0.00178865650099863,-0.00189535410977605,0.0109371484104939,-0.242343575395694
"150",150,"82z353d6",1.11904761904762,1.62857142857143,78,78,132,62.6590909090909,0.805090909090909,210,0.15917269474916,-0.00993657135398254,-0.00169560734332577,0.0117088498507786,-1.10216909897782
"151",151,"aa79kq90",1.60952380952381,1.88095238095238,11,11,195,55.1272727272728,0.564072727272729,210,0.691751499057861,-0.0616909171101775,-0.0256500949201582,-0.0380097658757952,-0.802857438092641
"152",152,"sg90jtjf",2.04761904761905,2.86190476190476,0,0,210,54.5045454545455,0.544145454545456,210,1.24134969204803,-0.392047911737383,-0.240417849934443,-0.306660877286738,-1.80621908171427
"153",153,"9n12tt53",1.65238095238095,2.12380952380952,39,39,171,60.1954545454545,0.726254545454544,210,0.147320007136426,-0.0399621607002897,-0.0176504562444566,-0.000387778209313849,-0.895939961331175
"154",154,"pbzu2qus",1,1.3047619047619,124,124,86,62.1227272727273,0.787927272727273,210,0.461084733335955,-0.052969267512838,-0.0152566218485231,-0.0181621653474809,-1.88753324770135
"155",155,"j99jksdb",2.23809523809524,1.8047619047619,10,10,193,55.7818181818182,0.585018181818183,210,0.527573184922524,-0.0296414506169714,-0.0132507981557897,-0.000363333364264709,-0.727844904042211
"156",156,"w7mx2b49",1.37619047619048,1.85714285714286,98,98,112,55.1409090909089,0.564509090909085,210,0.232769362172995,-0.0101516479614064,0.00266138458149706,0.00591466348663829,-1.53105298473199
"157",157,"fqz14k0q",2.30952380952381,2.4952380952381,3,3,207,54.5090909090909,0.544290909090909,210,-0.000907336414533666,0.0629074099952471,0.0141789525876987,0.0223132536820081,-0.721674050664203
"158",158,"3484pa7t",2.44285714285714,3.2047619047619,88,88,115,55.5363636363637,0.577163636363639,210,0.875331702549678,-0.264589275978089,-0.097889395178782,-0.140491437388045,-1.43491875530694
"159",159,"83sszyxu",1.96666666666667,2.54285714285714,1,1,209,56.2318181818181,0.599418181818179,210,1.02164911308126,-0.213649519609271,-0.105678803870046,-0.15451645850266,-1.27372380775752
"160",160,"ee94749o",1.57142857142857,1.94761904761905,4,4,202,46.8045454545455,0.297745454545456,210,0.275405448215405,0.0191234423817139,-0.00172791846488335,0.0103883604713026,-1.44143497479473
"161",161,"0urt1012",3.06190476190476,3.55238095238095,0,0,209,50.1727272727273,0.405527272727274,210,0.614885114116644,-0.101583526644929,-0.0619758766508793,-0.079418058479267,-1.56842417558399
"162",162,"elpewlq2",2.7,2.17619047619048,16,16,191,52.1681818181819,0.469381818181821,210,0.117837929191668,-0.0934802465110396,-0.00595003269234101,-0.0130747315115765,-1.99607202783406
"163",163,"263rg2td",1.1952380952381,1.72857142857143,115,115,94,54.5954545454546,0.547054545454547,210,1.33425278988803,-0.35646578588434,-0.235629085903136,-0.295150126038202,-1.10626079627091
"164",164,"koqpugz2",1.84761904761905,2.23333333333333,80,80,129,58.8954545454545,0.684654545454544,210,0.119592203954198,-0.100563725179517,-0.018202688782833,-0.00738894696146862,-1.54766832522639
"165",165,"s9szsy6w",1.58571428571429,1.83809523809524,21,21,184,51.2227272727272,0.43912727272727,210,0.405213185345214,-0.130361148775958,-0.0199673078547952,-0.0288760535221445,-1.41441947117623
"166",166,"x4o058lj",2.51904761904762,2.71428571428571,2,2,208,54.2136363636363,0.534836363636362,210,1.01374649033906,-0.464463419225229,-0.267106350003637,-0.322020633454831,-1.07981323768889
"167",167,"rkl43lw9",2.32857142857143,2.54761904761905,1,1,208,54.0727272727274,0.530327272727277,210,0.750469630971277,-0.372208351316571,-0.213489533487584,-0.297270831681133,-1.61611920602793
"168",168,"yl5llon7",2.5,2.3,69,69,139,54.8090909090907,0.553890909090902,210,0.541785089557504,-0.139192269210873,-0.0247411539534106,-0.0569469767599465,-1.77372927098847
"169",169,"23odf2ue",2.03333333333333,2.41904761904762,7,7,195,53.259090909091,0.504290909090912,210,1.35015931831577,-0.357280301350634,-0.248106580621061,-0.298673126167496,-1.52366386196804
"170",170,"pbun22w2",3.11904761904762,3.91904761904762,1,1,209,52.9272727272727,0.493672727272726,210,0.371174020945223,-0.0773226017816877,-0.0191140813520885,-0.00883100282731926,-2.02501871588321
"171",171,"87v9658u",3.24285714285714,1.2,9,9,198,40.4181818181818,0.0933818181818176,210,0.275128424594739,-0.0618984908891765,-0.00351465898159516,0.00512713831706278,-0.867793952316501
"172",172,"cqqftsks",1.17142857142857,1.39047619047619,139,139,71,61.1454545454545,0.756654545454544,210,0.941892945359944,-0.147009375391669,-0.0642966473491281,-0.108590627251113,-1.80210802920345
"173",173,"ly335abk",2.36190476190476,1.62857142857143,18,18,164,44.1272727272727,0.212072727272726,210,0.464785209660474,0.0677512743405091,0.0101392690171682,-0.00159071655506814,-1.47766330110771
"174",174,"a8qpexum",2.74285714285714,3.40952380952381,0,0,208,53.8363636363636,0.522763636363635,210,1.0835014053823,-0.361157343404982,-0.227767174799562,-0.273897636195955,-1.80136248175593
"175",175,"nvq7lger",1.86190476190476,2.07619047619048,112,112,92,52.1727272727272,0.46952727272727,210,1.36687810871131,-0.529072457893331,-0.281542555728949,-0.342133970851824,-1.62879763135853
"176",176,"69pm4uqh",2.44285714285714,2.71428571428571,13,13,188,53.2681818181819,0.504581818181821,210,1.24139536629403,-0.450932567342079,-0.278076407927101,-0.337345587670095,-2.27285133127774
"177",177,"k47b3m0z",1.7,1.80952380952381,58,58,152,56.0590909090909,0.593890909090909,210,0.76541714856349,-0.432921198138988,-0.239017821825808,-0.286897342386235,-0.889305687269735
"178",178,"0p415lx3",2.87142857142857,2.66190476190476,4,4,203,48.309090909091,0.345890909090912,210,0.29436129568245,-0.199480809143053,-0.129074075295672,-0.131754879360191,-1.7240362725591
"179",179,"kj0ua3s9",1.97142857142857,2.8,4,4,205,52.5500000000001,0.481600000000003,210,-0.290752054123861,-0.0118587816678284,-0.00339471014417972,0.191448846892022,-0.0194710547412185
"180",180,"ucs98zuh",2.72857142857143,2.68571428571429,6,6,202,47.5818181818181,0.322618181818179,210,0.327981481940795,-0.0106008251903593,-0.00479236306676309,0.00972398636103979,-1.40032532615246
"181",181,"o52cwpzh",1.29047619047619,1.74761904761905,93,93,116,60.4772727272728,0.735272727272729,210,1.04056570971528,-0.24897967469531,-0.140715153655899,-0.223434559246722,-2.26128292602378
"182",182,"s8h1cm8g",5.58571428571429,4.61428571428571,2,2,185,41.9045454545455,0.140945454545456,210,0.400806611646089,-0.244019430958873,-0.0234194984169178,-0.156834410463286,-1.30437530707808
"183",183,"4c5nwmmv",0.957142857142857,1.5,90,90,118,60.4681818181818,0.734981818181818,210,0.641832705173914,0.0420815398749861,-0.0157878940508339,-0.00853806954777359,-1.55364716641538
"184",184,"wmt9nsnd",2.47142857142857,2.67142857142857,15,15,192,59.159090909091,0.693090909090912,210,1.26202695840065,-0.501893100040512,-0.27678807186234,-0.351898270519466,-1.92079789415346
"185",185,"nn1o0o34",3.62857142857143,3.62857142857143,0,0,208,50.3409090909091,0.410909090909091,210,0.338188270842156,-0.0890128242473598,-0.00962776060874221,-0.0141016314168534,-1.73098557969388
"186",186,"vh11eq4r",1.87142857142857,2.11428571428571,63,63,147,57.5045454545456,0.640145454545459,210,0.277567955537402,-0.0390790156138318,-0.00930561687942461,-0.00752626957715971,-2.12870650365969
"187",187,"7jt9qf11",0.714285714285714,0.619047619047619,110,110,71,42.4227272727274,0.157527272727277,210,1.28460132979916,-0.241752468832502,-0.183733606002756,-0.243388700749924,-1.57067683250133
"188",188,"135qwtdy",2.75238095238095,2.46666666666667,9,9,196,47.8727272727273,0.331927272727274,210,0.786249147778181,-0.00162899214574061,0.0109263996992993,-0.00763225044554643,-0.477554571500117
"189",189,"yyeygp1e",4.18095238095238,2.65238095238095,5,5,195,43.6318181818183,0.196218181818186,210,1.28281095962108,-0.306173306620628,-0.178639024794877,-0.238938569336076,-1.07459311654522
"190",190,"orpbydft",1.75714285714286,1.90952380952381,87,87,123,57.4727272727272,0.63912727272727,210,0.698290905718542,-0.341160709176006,-0.207572730309884,-0.257870566353778,-1.40031917301192
"191",191,"u12l2jht",2.09047619047619,2.45238095238095,28,28,178,55.3454545454546,0.571054545454547,210,0.768600781630195,-0.210292383004432,-0.163464810384751,-0.220755505588609,-1.80788591859901
"192",192,"momcdeje",1.3047619047619,1.41904761904762,20,20,188,45.1818181818181,0.245818181818179,210,1.11521572211678,-0.355782174942468,-0.165145567800092,-0.229447232550374,-1.17035704540426
"193",193,"b815efyf",1.46666666666667,1.89047619047619,5,5,204,54.1181818181818,0.531781818181818,210,0.769108737062585,0.0360540173902834,0.00759691770480514,0.0059625029350331,-0.868387445434412
"194",194,"1djww6qm",4.35714285714286,3.78095238095238,1,1,208,55.7681818181817,0.584581818181815,210,0.0314603021389286,-0.0587298433832596,-0.0688263628284893,0.0455910158813473,-1.1480291152561
"195",195,"sck3cnjx",2.18095238095238,1.93809523809524,13,13,191,56.9636363636364,0.622836363636365,210,0.244464592031845,0.0424821867720657,-0.00624323130300281,0.00127747156916121,-1.77980728912753
"196",196,"a1826std",1.97142857142857,1.68571428571429,8,8,195,50.5681818181818,0.418181818181818,210,0.0062188948716787,-0.133954629443422,-0.0270503404089801,-0.0424815440550046,-1.16748232259255
"197",197,"yypl9xs7",3.17142857142857,2.55238095238095,34,34,152,44.6499999999999,0.228799999999997,210,0.686216438606167,-0.111101545651779,-0.0290988900118669,-0.0387802088987017,-2.19336353511015
"198",198,"eff2w6hq",2.65238095238095,1.30952380952381,71,71,84,50.4227272727272,0.41352727272727,210,0.304618560914727,-0.0252015855439991,-0.00766358109568425,0.0181825231457156,-0.0950619520748144
"199",199,"uo88gv0w",1.88571428571429,2.4,48,48,159,58.0000000000001,0.656000000000003,210,0.596873051188842,-0.227543226836745,-0.163993764235313,-0.175734045596722,-1.94333230672239
"200",200,"fe7wg6b7",3.42857142857143,2.50952380952381,6,6,199,35.0681818181819,0,210,0.676676946758122,-0.406583799749377,-0.170701821669379,-0.220734183962733,-1.65707423079419
"201",201,"wtm8kuhe",1.71904761904762,1.94285714285714,17,17,185,57.7090909090908,0.646690909090905,210,0.134658139136457,-0.135519693155662,-0.0187894014448072,-0.0254036467496735,-1.88228387525143
"202",202,"s0uavzu4",3.41428571428571,4.21428571428571,2,2,208,49.609090909091,0.387490909090912,210,1.04357698269751,-0.303214008521823,-0.178115464988768,-0.24545297853851,-1.11789640182241
"203",203,"hlxy6xje",1.45714285714286,1.96190476190476,59,59,147,51.9136363636363,0.461236363636362,210,1.21123673175123,-0.537364189468171,-0.255742846860231,-0.329813353932392,-1.04603835046363
"204",204,"vqy4jw7v",2.73333333333333,2.92857142857143,2,2,205,50.8909090909092,0.428509090909094,210,1.40087453363768,-0.262921841570943,-0.19432229775266,-0.250311084019303,-2.04635405742738
"205",205,"alxj0qfx",2.10952380952381,2.21904761904762,3,3,205,53.2954545454546,0.505454545454547,210,0.122105838174028,-0.0599102558325103,-0.0479530912184425,-0.0488871029327194,-0.499036126889852
"206",206,"cr9sm4s3",1.2047619047619,1.64285714285714,105,105,104,63.6409090909092,0.836509090909094,210,0.191711379320521,-0.0261176478105776,-0.00314470465389471,-0.0092706180331486,-0.483364249878724
"207",207,"0pzmq854",1.55238095238095,2.10952380952381,3,3,206,56.6545454545454,0.612945454545453,210,1.06810838895264,-0.579070783573668,-0.215560095387831,-0.338705350859001,-0.85047226129965
"208",208,"g1t94n5d",2.12380952380952,2.24761904761905,9,9,197,50.9136363636364,0.429236363636365,210,1.28991697811899,-0.367533511529015,-0.252677655927186,-0.316930512531861,-1.76048492728698
"209",209,"0v6umdqx",2.17142857142857,2.0952380952381,71,71,139,61.9090909090908,0.781090909090906,210,0.102201902471782,-0.036460886353359,-0.00251536785397266,-0.0267699287640966,-0.808986309372972
"210",210,"t18afl5a",2.29047619047619,2.65714285714286,3,3,207,46.0818181818182,0.274618181818182,210,0.889816360779294,-0.499696374799754,-0.266277084949243,-0.334884062484808,-1.61548642881298
"211",211,"nm9h4e9g",0.638095238095238,0.866666666666667,139,139,71,60.1772727272726,0.725672727272723,210,-0.191941675462633,-0.0135008745451826,-0.00489727856350257,0.0170955721749951,0.129665169185503
"212",212,"nzv6jwhs",1.8952380952381,2.16666666666667,5,5,197,50.3,0.4096,210,0.764605225392276,-0.0250840067644458,-0.0113278493842163,-0.0259279680078764,-1.44691748910544
"213",213,"kpel97ec",2.76190476190476,5.48095238095238,66,66,119,57.4863636363636,0.639563636363635,210,-0.0384942860912608,0.0894161638035307,0.00178978854249412,0.0126850483461352,-1.08263223455779
"214",214,"73pnjtbl",3.9047619047619,5.33809523809524,66,66,121,55.9227272727273,0.589527272727274,210,0.295330819121165,-0.0232112199425511,-0.00598608415130468,0.00262392254622583,-1.35572959036075
"215",215,"yglpr1l4",0.904761904761905,1.2,113,113,97,56.0136363636365,0.592436363636368,210,0.946443649551984,-0.27541599186192,-0.132931850954517,-0.176235094185942,-1.87430433207526
"216",216,"b2jkxysa",2.79047619047619,2.73333333333333,3,3,206,54.1409090909091,0.532509090909091,210,1.04965716978932,-0.163466773721948,-0.106996401369676,-0.188779160402952,-0.74288799813738
"217",217,"2a5gce3t",2.26666666666667,2.72380952380952,2,2,208,51.659090909091,0.453090909090912,210,0.92509871028762,-0.460425012353218,-0.259617724684009,-0.320006999281827,-1.68676665531623
"218",218,"lc9nwnt6",2.53809523809524,2.1047619047619,31,31,166,55.5909090909091,0.578909090909091,210,0.640789069115723,-0.249461981744028,-0.165910455455743,-0.200147455447132,-2.30644512817623
"219",219,"v40qkuc3",5.34285714285714,3.31428571428571,3,3,197,37.4681818181818,0,210,0.287367487944317,0.0513167344157611,0.00373547064542318,0.0054166692094348,-0.576986907522312
"220",220,"5fuqa1v9",1.61428571428571,1.76666666666667,17,17,182,52.540909090909,0.481309090909088,210,0.579626172324113,-0.0701089608771729,-0.0082296584766261,-0.0132228446402006,-1.11146752787719
"221",221,"mwvs8r2u",2.66666666666667,2.56666666666667,7,7,196,52.4863636363636,0.479563636363635,210,0.534399335125714,-0.020287917990729,-0.0160623975856861,-0.00329333736413821,-0.423438016279677
"222",222,"yqvyh6vn",1.84761904761905,1.81428571428571,6,6,198,52.7227272727272,0.48712727272727,210,0.0890761614159153,0.034180172379569,-0.00144070894307359,0.00203368892538035,-1.07933054370626
"223",223,"yayhmfjn",1.11428571428571,1.4047619047619,93,93,107,60.2818181818181,0.729018181818179,210,0.21667462542756,0.0106617442061976,-0.00570094195079968,-6.22503703538169e-05,-1.7670353301932
"224",224,"vfa8p4oo",2.43809523809524,2.3952380952381,2,2,203,44.1454545454547,0.21265454545455,210,0.452547572350576,-0.0321497198617487,-0.012076109175813,0.00628878525441869,-1.00945448473554
"225",225,"9urfx3x5",1.6952380952381,1.98095238095238,85,85,124,59.8363636363636,0.714763636363635,210,-0.176561267975049,-0.068981759586124,-0.015947898807783,0.005197334105304,-0.924622618113868
"226",226,"mtfsokek",3.41904761904762,1.94761904761905,11,11,191,42.3681818181819,0.155781818181821,210,0.390260565809776,-0.0702268594879993,-0.0103550288843307,-0.00157851737775039,-0.875478097293404
"227",227,"ws9x8reu",2.22857142857143,2.54761904761905,2,2,205,54.5045454545456,0.544145454545459,210,0.242541981904281,-0.0317760028878781,0.0295626618163984,-0.0151092596837249,-0.679861753680542
"228",228,"9lh648dn",1.50952380952381,1.63809523809524,62,62,140,57.931818181818,0.653818181818176,210,0.952740013196511,-0.216236323338704,-0.137161189068821,-0.205740208407785,-2.01342514567706
"229",229,"ufhuoag2",2.6,2.18095238095238,11,11,191,51.7727272727274,0.456727272727277,210,0.571115986243765,0.0420815398749861,-0.0134084735354897,-0.0109741558263872,-1.99167156159238
"230",230,"y8pxsvuv",2.17619047619048,1.4047619047619,21,21,156,41.0863636363636,0.114763636363635,210,0.630530118923539,-0.00826243580259536,-0.00533194888121802,-0.000161318092501528,-0.388152192132001
"231",231,"m483enhb",1.54285714285714,1.81428571428571,66,66,127,55.4227272727274,0.573527272727277,210,0.0764049401398224,-0.0538116386544168,-0.0283195459040419,0.0669879095262853,-0.128070388470588
"232",232,"z7gxue2j",1.74761904761905,2.14285714285714,5,5,201,53.1818181818182,0.501818181818182,210,0.806853912299265,-0.198045083136215,-0.127898124795982,-0.164461954136542,-1.35698186956968
"233",233,"jf4v1x62",2.63333333333333,6.56666666666667,91,91,115,61.0272727272727,0.752872727272727,210,0.791229737448938,-0.226407656254489,-0.196777332816725,-0.234450130379558,-2.29863204480644
"234",234,"tfp0xxns",7.17142857142857,6.35238095238095,8,8,119,40.1727272727273,0.0855272727272736,210,0.586492015607246,-0.304102376096022,-0.178212760416495,-0.259381047738283,-0.351852887764219
"235",235,"jpcjb9dd",3.21904761904762,3.10952380952381,7,7,201,55.6363636363636,0.580363636363635,210,-0.605044102379207,-0.0522767877680395,-0.010430185444482,0.0238013942105088,0.148944301709903
"236",236,"3qwj979a",2.23333333333333,2.33333333333333,13,13,188,55.9727272727273,0.591127272727274,210,0.884502318278162,-0.43700166510165,-0.245112491738889,-0.295651741297115,-1.13147560388358
"237",237,"6tatjtst",0.914285714285714,1.53333333333333,101,101,109,63.6636363636364,0.837236363636365,210,1.31726092329716,-0.299464791672318,-0.21507537894133,-0.25928121823721,-1.59546808431175
"238",238,"tzz21om7",1.51428571428571,1.90952380952381,109,109,101,62.7545454545455,0.808145454545456,210,0.0727935369460754,-0.0800333750274087,-0.0147124829735705,-0.0216361009000074,-1.58337375466513
"239",239,"tec0scn8",1.61428571428571,1.84761904761905,54,54,147,54.9636363636364,0.558836363636365,210,1.1442171342025,-0.303495009763363,-0.135002407986275,-0.235675132679394,-2.0098448504262
"240",240,"08lucg24",3.5,2.76190476190476,20,20,175,44.0227272727274,0.208727272727277,210,0.169150223880757,-0.0203855996375788,0.00384066925427116,0.00407407409597853,-1.01764372524075
"241",241,"dxt2hbe5",0.923809523809524,1.43333333333333,70,70,140,57.4090909090909,0.637090909090909,210,0.914619130900474,-0.311609289149147,-0.137163356805136,-0.219627348075238,-1.30830922289886
"242",242,"wwko8kyp",1.42857142857143,1.87619047619048,38,38,169,56.3863636363636,0.604363636363635,210,0.132219353345494,-0.0104405978648517,-0.0160377572472633,-0.00600532539173103,-1.57140430047504
"243",243,"d4sgbqmd",0.680952380952381,0.885714285714286,135,135,75,57.2454545454543,0.631854545454538,210,0.732894644131791,-0.269493517314141,-0.133409748872711,-0.182269526566649,-1.45924434257155
"244",244,"p9q4wrpj",2.06190476190476,2.07619047619048,17,17,175,53.0136363636363,0.496436363636362,210,1.3763979021464,-0.37008596402308,-0.250571563882587,-0.30706727738465,-0.941466080957625
"245",245,"mwxlwzyn",1.27142857142857,1.73333333333333,91,91,119,58.8454545454545,0.683054545454544,210,-0.0137427982209735,-0.00891719897057067,0.000105152588809776,0.00974816572556682,-1.11948634858438
"246",246,"6qqrh7uk",3.05714285714286,2.87142857142857,2,2,206,50.3318181818182,0.410618181818182,210,0.892148676293852,-0.278394563475033,-0.22027827434136,-0.231688397084102,-1.0768494341628
"247",247,"8zsqfun7",3.91904761904762,4.3,1,1,208,51.5818181818181,0.450618181818179,210,0.499165729263121,-0.0653220904786588,-0.0303456236634495,-0.0526597560771464,-0.821549452848715
"248",248,"21u5e871",2.3,2.25238095238095,24,24,182,57.1590909090909,0.629090909090909,210,0.361382784300133,0.0148613501457603,-0.0031486305310082,0.0271263524342733,-0.814803451121488
"249",249,"jb7pft02",1.6047619047619,1.66666666666667,112,112,98,61.8954545454545,0.780654545454544,210,1.23137021726065,-0.277864477324878,-0.219583779661617,-0.274614209173679,-1.40911409764512
"250",250,"g7fyw8y5",1.88095238095238,2.1047619047619,15,15,185,49.9863636363637,0.399563636363638,210,0.16301749258021,-0.0464486926770546,-0.00719543215724391,-0.00404313626546311,-1.63855476409338
"251",251,"nw6w3ycm",1.96190476190476,2.22857142857143,9,9,199,52.8636363636362,0.491636363636358,210,1.33976034126124,-0.412894839585919,-0.0499073225415837,-0.304637767723431,-1.75693277236018
"252",252,"dfagdbqx",2.47142857142857,2.96666666666667,69,69,141,60.1954545454546,0.726254545454547,210,0.77747558629529,-0.151665776575185,-0.0184811046355658,-0.0788592748610197,-1.40920752441412
"253",253,"0enc0xdd",0.471428571428571,0.70952380952381,147,147,63,60.3636363636364,0.731636363636365,210,0.841171083281528,-0.17982931970793,-0.0240715397813592,-0.0131734941781944,-1.69565337210044
"254",254,"61xzgaxv",2.19047619047619,2.26190476190476,7,7,196,57.1045454545454,0.627345454545453,210,0.568148381215677,-0.125637120225998,-0.00422643523281263,-0.0184040837340577,-1.48842044211347
"255",255,"4j8dqyzr",1.63809523809524,2.24761904761905,64,64,144,57.4181818181818,0.637381818181818,210,0.330160453680365,-0.0561895097174733,0.000692942822185655,-0.0117794406148288,-1.02849639008509
"256",256,"rv9j3ryb",2.9952380952381,2.79047619047619,5,5,203,50.6636363636364,0.421236363636365,210,0.487398985842753,-0.249830443132744,-0.141118416748035,-0.199942010338645,-1.79316957688032
"257",257,"pozawsex",2.93809523809524,2.92857142857143,6,6,200,51.9272727272726,0.461672727272723,210,0.605093825161452,-0.0870928896788345,-0.0237755784065033,-0.0189067552556675,-0.548858341382745
"258",258,"561smycq",4.15714285714286,6.96190476190476,11,11,187,53.2681818181819,0.504581818181821,210,-0.14583240221281,-0.0402384424210607,0.000424545256872605,0.00139485521808982,-0.28518526337642
"259",259,"yjb803pt",4.45238095238095,6.7952380952381,20,20,166,48.459090909091,0.350690909090912,210,1.52334812726446,-0.329296119413974,-0.11907583398638,-0.19614228520588,-1.14379814818528
"260",260,"r1h6ylxt",2.53809523809524,2.41904761904762,14,14,196,48.6500000000001,0.356800000000003,210,0.918418411880508,-0.249320368567066,-0.151473194357925,-0.179595101448053,-1.21900119069506
"261",261,"pjyf5evm",1.47619047619048,1.88571428571429,69,69,120,58.5181818181818,0.672581818181818,210,1.01150354683295,-0.422852459523442,-0.230310538044968,-0.274003927395681,-1.60163772095288
"262",262,"1y3mvrby",1.73333333333333,1.77142857142857,44,44,157,53.9772727272726,0.527272727272723,210,0.296295344751121,-0.0862688352595034,-0.0117213074228514,-0.0121442520436404,-1.34140969103615
"263",263,"habsbkg8",1.5,1.9,135,135,75,54.7909090909091,0.553309090909091,210,0.554937408880934,0.0400117139485191,-0.0148625546819834,-0.012704623248531,-1.65803235609728
"264",264,"t7pjr6r4",2.36190476190476,2.34761904761905,8,8,202,54.0227272727273,0.528727272727274,210,1.18890730902731,-0.420047311417357,-0.221890412993949,-0.305932005485829,-1.6477139361907
"265",265,"u2a8cfsu",3.47142857142857,3.50952380952381,3,3,206,52.6681818181818,0.485381818181817,210,0.541676749176175,-0.0542415821987652,-0.0187468107754103,-0.0258579268086607,-1.36265954196089
"266",266,"82cr1h80",1.99047619047619,1.82380952380952,10,10,182,45.0999999999999,0.243199999999997,210,-0.0809047989618221,-0.0902565673273263,-0.00741910934002361,0.00192075255940616,-1.79830820947577
"267",267,"h87phsot",1.82380952380952,2.21428571428571,128,128,81,54.268181818182,0.536581818181824,210,0.0674565653015803,-0.0172003096696683,-0.00479936607000199,0.0125539902561093,-1.9765512457783
"268",268,"m6mcssjj",1.76190476190476,2.21904761904762,25,25,178,53.3590909090909,0.507490909090909,210,0.364512356170233,-0.0112491393869538,-0.00540267948535776,0.00108732378769053,-0.901253623427607
"269",269,"a2taqc42",1.36666666666667,1.75714285714286,97,97,112,62.8590909090909,0.811490909090909,210,1.26889676721776,-0.301035221922886,-0.180716905408133,-0.266710237876503,-1.33621326708787
"270",270,"1nls4u5q",1.12857142857143,1.50952380952381,83,83,125,63.290909090909,0.825309090909088,210,0.909945636555289,-0.217311199756923,0.00499343452198373,-0.174140006325711,-0.904460310464092
"271",271,"17fuqobw",1.94285714285714,2.14285714285714,1,1,207,52.3045454545454,0.473745454545453,210,0.501399775391533,-0.110238265863129,-0.0300078292131449,-0.0505159093729172,-1.79337460255028
"272",272,"0xupal5x",1.68095238095238,1.7047619047619,38,38,169,56.1772727272727,0.597672727272726,210,1.04406880692887,-0.273024832461523,-0.179439280546368,-0.231139268211363,-1.68167756699507
"273",273,"g7fs9ze7",2.77142857142857,2.9952380952381,1,1,206,58.1499999999999,0.660799999999997,210,0.586539877641308,-0.223211735342702,-0.051883847328614,-0.101692128703164,-1.68440462468925
"274",274,"ouhy0co3",2.75238095238095,2.09047619047619,8,8,200,49.5045454545454,0.384145454545453,210,0.250481808801774,-0.0659742902539898,-0.0245322788499168,-0.0255893868397176,-1.22854060926377
"275",275,"6tdbftwn",2.0952380952381,2.3952380952381,10,10,199,54.4272727272729,0.541672727272733,210,0.282404056508168,-0.0740772919051408,-0.0346983106909155,-0.0474100374055803,-0.970758922480576
"276",276,"x6dpln84",2.21428571428571,2.94761904761905,46,46,156,54.2454545454546,0.535854545454547,210,0.678376316541513,-0.22047715328216,-0.136665245420288,-0.192414063839896,-2.56375008985243
"277",277,"dre2cj59",2.41428571428571,2.56190476190476,5,5,202,50.7000000000001,0.422400000000003,210,0.165502684667675,-0.0389503217156628,-0.00661067376473018,0.00947604083217066,-0.721080253349618
"278",278,"ed8jkb7x",1.09047619047619,1.67142857142857,92,92,118,59.5272727272727,0.704872727272726,210,0.0268945751973368,-0.124725597423222,-0.0611020779245223,-0.0316479268526333,-1.45917668236093
"279",279,"rw6tkw7n",2.56666666666667,3.0047619047619,23,23,185,56.5499999999999,0.609599999999997,210,0.0101656061240933,-0.0265296290244384,0.00657643402716369,0.00100558173569053,-0.947336575497359
"280",280,"jxxrv043",2.8047619047619,2.52380952380952,5,5,198,45.959090909091,0.270690909090912,210,1.13273736595476,-0.509935508343419,-0.277357623019169,-0.345788729959373,-1.35180773096217
"281",281,"25a8lb6z",1.6952380952381,2.34285714285714,91,91,118,57.0954545454545,0.627054545454544,210,1.10191178896963,-0.289030565923537,-0.216547216473281,-0.277693416166824,-2.11126995229014
"282",282,"9458jtjx",1.84285714285714,0.995238095238095,143,143,36,41.3818181818183,0.124218181818185,210,0.864396863905655,-0.106711243674161,-0.0682320331390805,-0.0625969950903328,-1.46148548049502
"283",283,"bwqgpbqs",2.89047619047619,3.01904761904762,11,11,186,52.5545454545455,0.481745454545456,210,0.0166544287220672,0.0411281621879114,0.00495504390649933,0.0400262601122314,-0.255266132455081
"284",284,"45my1fdt",2.3952380952381,2.5952380952381,1,1,207,52.4227272727274,0.477527272727277,210,0.246436027066599,0.0611243086736744,-0.000730689328340917,0.0151620749669615,-1.17003320960144
"285",285,"qcdoy32g",2.52380952380952,2.81904761904762,2,2,206,53.0136363636365,0.496436363636368,210,0.236332312724037,0.00830379461227296,0.00200182558125489,-0.00429536547686347,0.0178573491430745
"286",286,"3tod3evk",2.91904761904762,3.24761904761905,6,6,204,55.3681818181818,0.571781818181817,210,1.25529887881695,-0.413298923684592,-0.257811023148052,-0.318923449538294,-1.84042530863397
"287",287,"vmo0k017",1.36666666666667,1.58571428571429,131,131,79,62.009090909091,0.784290909090912,210,0.687199149361399,-0.283914414993395,-0.160835792065664,-0.210251935424081,-1.52406432710518
"288",288,"2k8tzxpc",2.28095238095238,2.36190476190476,6,6,189,52.4136363636365,0.477236363636368,210,0.514080294130133,-0.0580021533744416,-0.0331596938319439,-0.0305999733487727,-0.932211950070587
"289",289,"xwt3xyp6",2.15238095238095,2.58571428571429,3,3,202,48.7409090909092,0.359709090909094,210,0.548276900937089,-0.135106690172897,-0.0371652228729022,-0.115473480659991,-0.52542076749335
"290",290,"bc7dt0ks",1.8,2.2047619047619,41,41,162,59.5272727272728,0.70487272727273,210,1.12936632715014,-0.301458014445049,-0.238425867934268,-0.286209774863315,-1.44458409169172
"291",291,"95ke8rst",1.05238095238095,1.3952380952381,92,92,118,61.9090909090909,0.781090909090909,210,0.871228255749208,-0.049169807342582,-0.00412547182454448,-0.0118057180344549,-0.411722592210123
"292",292,"9p9n4jry",1.13333333333333,1.23333333333333,90,90,120,60.2636363636364,0.728436363636365,210,0.351708841256436,0.0420815398749861,-0.00423833774745958,-0.00860301560219219,-1.60987779315948
"293",293,"hrr07ppg",2.52857142857143,2.98571428571429,2,2,206,55.2227272727272,0.56712727272727,210,0.414679521619317,-0.0740311156515526,-0.0144341929633921,-0.016966180492576,-0.912144648444572
"294",294,"7re0z3sf",1.16666666666667,0.904761904761905,133,133,69,58.4636363636363,0.670836363636361,210,1.08338108214562,-0.178599509424457,-0.137324882176991,-0.184319813384118,-1.02748365605557
"295",295,"53m70sf4",2.92380952380952,2.01904761904762,10,10,189,51.1363636363635,0.436363636363632,210,-0.0126249414958124,0.0603039154952667,0.0122666955515942,0.0374558128559269,-0.464690734582488
"296",296,"3hjpvxo8",3.13333333333333,3.12857142857143,3,3,206,52.1090909090908,0.467490909090906,210,0.416742788649777,-0.0581162206344072,-0.018296564451725,-0.0253882324825048,-0.36504404135586
"297",297,"3pewlnb8",2.39047619047619,2.92380952380952,13,13,196,53.4681818181819,0.510981818181821,210,0.0616813844406544,-0.014460148598391,-0.00640801792197074,0.011725953272631,-1.7091910083038
"298",298,"tylvjvpr",3.0952380952381,3.59047619047619,13,13,195,53.6727272727273,0.517527272727274,210,1.27294867461567,-0.403445974609575,-0.244964767038745,-0.31479535388258,-0.827276311441649
"299",299,"3b44614l",0.971428571428571,1.16666666666667,130,130,79,56.9272727272728,0.62167272727273,210,0.54592411302083,0.0100066665978949,-0.00825656708327915,-0.00512889482702154,-0.541756094562522
"300",300,"51qos3vk",3.12857142857143,3.08095238095238,31,31,177,53.9136363636363,0.525236363636362,210,1.04036060249835,-0.411024209904208,-0.169869844648861,-0.305921655435432,-1.23705404197108
"301",301,"cj4vhh25",3.75238095238095,4.30952380952381,3,3,203,49.8500000000001,0.395200000000003,210,0.832065258961214,-0.423592616188461,-0.246016472778227,-0.286335468186589,-0.862354436500052
"302",302,"de5pykpf",1.3,0.452380952380952,99,99,38,38.9181818181818,0.0453818181818177,210,0.268202527486866,-0.057894345457958,-0.0149335175527769,-0.0036249763138826,-2.29399935769795
"303",303,"vu9lwuqb",1.3047619047619,1.74761904761905,103,103,107,56.5818181818182,0.610618181818182,210,0.675803912449335,0.19233205976223,0.00523521679498341,0.0152163002667228,-1.28308017419792
"304",304,"eul9epha",2.47619047619048,3.07142857142857,4,4,200,58.1954545454544,0.662254545454541,210,0.328901135564075,-0.0103573152156028,0.0101581886670883,0.0180330174786788,-0.301247180942824
"305",305,"qap1fqjh",1.01428571428571,1.33809523809524,81,81,126,55.0136363636364,0.560436363636365,210,1.09212820408626,-0.0684401881869754,-0.0181153263167432,-0.0709922369971965,-1.52493505044703
"306",306,"j1xhpm98",1.89047619047619,2.08571428571429,2,2,204,49.8818181818182,0.396218181818182,210,0.323019319088127,-0.141671765163827,-0.0325189793605912,-0.0352286557264564,-0.994648277681
"307",307,"cds498zz",1.32380952380952,1.56666666666667,120,120,90,64.3409090909091,0.858909090909091,210,0.415728203184105,-0.0801668752564807,-0.0216004924821282,-0.0113353266824495,-0.837756338042996
"308",308,"hl06f4tx",1.83333333333333,2.45238095238095,4,4,204,49.381818181818,0.380218181818176,210,0.844160296552936,-0.276643641303706,-0.207131307757801,-0.250042288765214,-1.53812222578516
"309",309,"zxexr9ya",1.13809523809524,1.53333333333333,115,115,95,53.5500000000001,0.513600000000003,210,1.17416326007613,-0.324562588160202,-0.221196824887125,-0.282501471417923,-1.37546785021025
"310",310,"0d7d9bzv",2.45714285714286,2.72857142857143,19,19,189,55.9136363636362,0.589236363636358,210,1.34077168406929,-0.471715084420266,-0.263194530561642,-0.325853350173552,-1.04609920315278
"311",311,"km34yl84",1.86190476190476,1.85714285714286,2,2,206,52.3045454545453,0.47374545454545,210,0.125143539463515,-0.081027038117312,-0.0103951714423851,-0.0125351068706425,-1.56467286917354
"312",312,"y4k9jxza",1.85714285714286,2.03809523809524,3,3,204,47.7727272727273,0.328727272727274,210,0.461832374793284,-0.124811668532652,-0.0405781053159786,-0.00808805525919608,-1.14240462126333
"313",313,"3v3mn370",0.952380952380952,1.15238095238095,144,144,66,57.9954545454546,0.655854545454547,210,0.766275468643424,-0.186035042519457,-0.032465324793286,-0.0915894542922765,-1.54541774570314
"314",314,"3rz4swne",3.26666666666667,5.53333333333333,69,69,130,58.1636363636363,0.661236363636361,210,0.198750627655042,-0.0386650751328948,-0.0132073995089727,0.00923633907611777,-0.679515651707371
"315",315,"jzlnzj7b",3.92857142857143,5.51904761904762,16,16,184,55.1,0.5632,210,0.950701597869931,-0.411647424518292,-0.247294910173768,-0.3149272745462,-1.31635369627964
"316",316,"dgjggl2o",1.3047619047619,1.98095238095238,46,46,160,57.8363636363637,0.650763636363638,210,0.481766426390177,-0.0514720502073232,0.00399889976550205,-0.0527809307021361,-1.77478652388624
"317",317,"2ao3mxn4",2.54285714285714,2.48571428571429,8,8,200,56.5409090909092,0.609309090909095,210,0.845822136287048,-0.258608403701635,-0.0822686351897147,-0.16586291603208,-1.05346314363705
"318",318,"fbe3zhyh",1.69047619047619,2.20952380952381,116,116,94,62.3363636363635,0.794763636363632,210,0.999543825114976,-0.146411454947921,-0.0897958466113966,-0.117288944323713,-2.15830078901913
"319",319,"jtrymj6s",1.87142857142857,2.12380952380952,5,5,198,55.5772727272729,0.578472727272733,210,0.494742452050755,0.0858762039591884,0.00502509205860806,0.0102890046072304,-1.097122727705
"320",320,"fu02yz2g",0.923809523809524,1.29047619047619,117,117,93,61.1999999999999,0.758399999999997,210,0.775131797280485,-0.204086195529658,-0.159788033075005,-0.194761618747938,-1.66912034391973
"321",321,"l0mltuag",1.84761904761905,2.11904761904762,76,76,134,61.7909090909092,0.777309090909095,210,0.185635447667016,-0.0353451088548313,-0.00983741467479812,0.00867471120688769,-1.08856452693573
"322",322,"69dj2agf",3.0952380952381,3.06190476190476,3,3,205,49.3636363636363,0.379636363636362,210,0.144187090225719,-0.102900658367471,-0.00276586044610933,0.00629261974730008,-2.01686378396102
"323",323,"qhhumay2",2.15238095238095,2.72380952380952,26,26,184,58.9045454545455,0.684945454545456,210,1.16640678962422,-0.279931713253822,-0.177233459245763,-0.225268237452925,-1.52454177894004
"324",324,"2l7t057t",1.46190476190476,1.55238095238095,100,100,110,59.0818181818182,0.690618181818182,210,0.854317144611271,-0.329445207194133,-0.1794398345598,-0.221359419927704,-1.34408089757273
"325",325,"r8od6e5e",3.08571428571429,3.00952380952381,7,7,180,51.5772727272727,0.450472727272726,210,0.790698724833868,-0.510555810083675,-0.227364505348965,-0.274154699981847,-1.52197204330271
"326",326,"blqn8xnx",2.86190476190476,2.95714285714286,11,11,193,51.3590909090909,0.443490909090909,210,0.128064715430261,-0.169113379875822,-0.026106293820085,-0.0334639147769936,-0.75246051821343
"327",327,"66ap3ujd",3.17619047619048,2.9047619047619,3,3,203,51.309090909091,0.441890909090912,210,1.13403625619786,-0.255476641710804,-0.0904133192668741,-0.194956919623945,-0.798521798885512
"328",328,"nd652d7c",0.947619047619048,1.48095238095238,117,117,92,62.0272727272728,0.78487272727273,210,0.823785989405217,-0.0622399550166198,-0.0175485832610201,-0.0352968293712474,-0.800492262299106
"329",329,"06zfab74",0.571428571428571,0.704761904761905,170,170,40,55.7181818181817,0.582981818181814,210,0.363610348543879,-0.053642648533713,-0.0283678271723763,-0.0194709168785013,-2.05730226347027
"330",330,"gnbeoja8",3.37142857142857,3.42380952380952,0,0,210,54.3136363636364,0.538036363636365,210,1.13529341438271,-0.686352570649583,-0.293417385069156,-0.352652553346463,-1.15011211245008
"331",331,"70kdk5v2",2.04761904761905,2.56190476190476,61,61,149,61.8545454545454,0.779345454545453,210,0.862131941283397,-0.371438240914163,-0.211608091734793,-0.255044871605261,-1.72759028561684
"332",332,"oe89xydy",2.16666666666667,2.57619047619048,8,8,199,52.9272727272726,0.493672727272723,210,0.987620964534291,-0.465262067651351,-0.250644473309016,-0.295448932625715,-0.923662145139415
"333",333,"vfeg17ts",1.82857142857143,2.25714285714286,101,101,109,60.9545454545456,0.750545454545459,210,0.983837305217132,-0.439489973792469,-0.238652204521332,-0.252897737863389,-1.04106619809807
"334",334,"5hp2cdgx",1.33809523809524,1.68571428571429,87,87,123,59.8499999999999,0.715199999999997,210,0.438203446455363,-0.0915807284881325,-0.00376742942761878,-0.00507310430406351,-1.5549839655831
"335",335,"qbypwwgp",1.94761904761905,2.72857142857143,50,50,146,56.6954545454546,0.614254545454547,210,0.714560855940951,-0.0662474620299323,-0.022553703133324,-0.0102428493491643,-0.600895684535805
"336",336,"2lz8lw89",0.985714285714286,1.3952380952381,74,74,132,53.3318181818184,0.506618181818189,210,1.1306509638662,-0.181279746022626,-0.152195940818542,-0.191494998688942,-0.89261310430773
"337",337,"qzz9m6ge",3.34285714285714,2.83809523809524,8,8,200,51.0954545454545,0.435054545454544,210,0.565970551951353,-0.0224690057916913,-0.0128955994153525,-0.0230772053272862,-1.63198909195985
"338",338,"oxy5h9qe",2.36190476190476,2.4,60,60,150,52.6272727272726,0.484072727272723,210,0.40345804143468,0.00947812928462424,-0.0219774721917721,-0.00234685466159763,-1.45151260936225
"339",339,"fs7bnwdl",1.7952380952381,2.28095238095238,50,50,160,62.7318181818182,0.807418181818182,210,-0.00529540658204763,-0.00846325933574604,0.00245970063713931,0.0116310080977286,-1.72073544931888
"340",340,"61anox6y",2.08095238095238,2.21904761904762,12,12,198,56.2090909090909,0.598690909090909,210,0.000925817030441145,-0.0676063914497654,-0.00232172908407682,-0.00884426652049027,-0.377041647035158
"341",341,"03j0v0fr",1.7,2.31904761904762,58,58,152,62.2545454545453,0.79214545454545,210,0.08178586207861,-0.121595569470406,-0.00638183929642584,-0.0227760374786293,-1.37768717856839
"342",342,"19czmcvf",1.24285714285714,2.04761904761905,50,50,156,54.8090909090909,0.553890909090909,210,1.00660658163209,-0.483204926362612,-0.233491478448777,-0.292823451110192,-0.659454428545476
"343",343,"tffdz46p",2.16190476190476,2.56190476190476,6,6,203,54.0681818181819,0.530181818181821,210,0.824712078385636,-0.163506893527772,-0.0718992925748522,-0.139466078352527,-1.47584825376247
"344",344,"6m0o03dt",2.40952380952381,2.25238095238095,9,9,197,50.1136363636363,0.403636363636362,210,0.0908635086958212,-0.0193025594719974,-0.023962196586145,-0.011456293781702,-1.35778737685414
"345",345,"m14rv4c6",2.29047619047619,2.36190476190476,4,4,204,55.9681818181819,0.590981818181821,210,0.694606001786303,-0.214902458092537,-0.0662131684083767,-0.112035442585883,-1.64830960879336
"346",346,"2yz5r5vz",0.938095238095238,1.2,85,85,110,52.4727272727272,0.47912727272727,210,-0.129224603446757,0.071741785219869,0.0164776154293912,0.0170945547048701,-0.97417838829608
"347",347,"exjk19br",1.64761904761905,1.94761904761905,72,72,138,60.6545454545455,0.740945454545456,210,1.10341513030995,-0.197143020366421,-0.120688644443501,-0.184445485504088,-1.23289465025214
"348",348,"uoeumkcs",2.18571428571429,2.54761904761905,8,8,199,48.6636363636362,0.357236363636358,210,-0.183280557890923,-0.028810001557856,-0.0183079199346967,0.0157833339638392,-0.234537207673642
"349",349,"09galsz1",3.24761904761905,3.24285714285714,0,0,210,54.4636363636363,0.542836363636362,210,0.237123968433123,-0.0618993159088913,-0.00756443802306637,-0.033373997624175,-1.23911906509765
"350",350,"monmh9op",2.08095238095238,2.53809523809524,0,0,210,54.7318181818182,0.551418181818182,210,0.442868210871767,-0.0513410236530634,-0.023653304688731,-0.00903712908499528,-0.965909364814662
"351",351,"gn0hmzkk",1.84761904761905,2.61428571428571,75,75,132,58.5954545454545,0.675054545454544,210,0.237793089310086,-0.0571668728804729,-0.00592541262497212,-0.00310492367467682,-1.53439424162824
"352",352,"w3jcoa6b",2.98095238095238,2.31428571428571,50,50,157,59.4863636363635,0.703563636363632,210,0.319138757708361,-0.0370968556308888,-0.00774249802924559,-0.00635848355229934,-1.60137085253022
"353",353,"0wf2ddmv",1.33333333333333,1.62857142857143,113,113,96,66.0590909090908,0.913890909090906,210,0.325828289838439,0.0294200675999978,-0.00889044649993473,-0.00154494023161839,-0.924067060015259
"354",354,"g6wnnphn",2.16666666666667,2.23809523809524,0,0,209,51.5909090909091,0.450909090909091,210,-0.066552510146667,0.00827677705786095,0.00398266574065517,0.0149139387289027,-1.80869360693726
"355",355,"6quecsp5",1.93333333333333,1.62380952380952,10,10,194,43.8545454545454,0.203345454545453,210,0.443302775520629,-0.122077549750543,-0.0119799534187306,-0.0049227291143529,-0.797150604044588
"356",356,"k4d2pfxy",1.26666666666667,1.8047619047619,98,98,110,60.2045454545456,0.726545454545459,210,0.259021225850858,-0.0344975153092051,-0.00357749031944599,-0.00765931810804577,-1.22579144399996
"357",357,"l6z1al71",2.25238095238095,2.46190476190476,18,18,190,52.6136363636363,0.483636363636362,210,1.01297629066789,-0.515684433177783,-0.280223390442208,-0.340128568207391,-0.989473879556506
"358",358,"bx4dc8o9",0.842857142857143,1.07619047619048,118,118,91,60.3227272727272,0.73032727272727,210,0.204082882709281,0.0497269743379287,0.0422773419358216,0.0587175366562876,-0.0882808069896457
"359",359,"qnklprod",1.32857142857143,1.51428571428571,82,82,123,57.5363636363635,0.641163636363632,210,0.48900155600081,-0.208595897922034,-0.0492506958787131,-0.0303377279286533,-1.43453288721181
"360",360,"p177jsrh",0.838095238095238,1.1047619047619,153,153,56,60.0454545454544,0.721454545454541,210,0.294434674783578,0.0979940615531849,0.0237541330217489,0.0534331786032155,-0.25130841963358
"361",361,"g9dw2qc8",2.05238095238095,2.16190476190476,12,12,192,48.1454545454545,0.340654545454544,210,0.517792710324451,0.0139537270276266,-0.00721927676216666,-0.00460064994972625,-1.78946122236224
"362",362,"7rxojoy0",1.85714285714286,2.15714285714286,57,57,153,57.8727272727274,0.651927272727277,210,0.222363315136097,-0.0604585287363416,-0.00711159178488731,-0.00288577990383154,-1.29859962966001
"363",363,"2r65jqgo",2.33809523809524,2.30952380952381,3,3,207,54.5818181818182,0.546618181818182,210,0.346043198693222,-0.100412689776352,-0.00394141200876526,-0.00948709972342396,-1.62462834983649
"364",364,"ks67df9r",2.25714285714286,2.55714285714286,20,20,187,49.5272727272728,0.38487272727273,210,0.770185418971091,-0.0482185388925788,-0.0345892996683001,-0.0207263431574136,-1.48184213748545
"365",365,"p52j81cz",1.47142857142857,1.61428571428571,53,53,154,53.9181818181818,0.525381818181818,210,0.53873330333913,-0.0216837854209198,-0.0151750578286662,0.00133446939121119,-0.489649860567746
"366",366,"hh8bjbva",2.13809523809524,2.85238095238095,63,63,145,54.8363636363636,0.554763636363635,210,0.419088873441508,0.010873778270661,-0.00801132279306471,0.00295003535114301,-1.6757014059355
"367",367,"p3ezjn8p",2.12857142857143,1.99047619047619,12,12,193,55.5954545454545,0.579054545454544,210,0.347428676743181,-0.060380478148092,-0.00768386709805764,-0.00954844067436662,-0.645017891050893
"368",368,"fsg5svwk",1.44761904761905,1.42857142857143,92,92,90,54.3454545454545,0.539054545454544,210,0.473835713301409,-0.144567651821612,-0.0259961153271174,-0.0712582490161972,-1.9004744687396
"369",369,"vva47mv1",1.3,1.67142857142857,93,93,115,55.0000000000001,0.560000000000003,210,0.154851250034481,-0.0196112679301901,0.020307601607554,0.0303923407075728,-0.312242992539035
"370",370,"s3mgwkm2",1.39047619047619,1.61904761904762,96,96,112,52.540909090909,0.481309090909088,210,0.606066582303555,0.00728695501438392,-0.019251364925434,-0.0201586508894113,-2.38412830132567
"371",371,"errxoxzh",1.25714285714286,1.08095238095238,132,132,77,62.990909090909,0.815709090909088,210,0.489645586848147,-0.0625119249114543,-0.0096069704440966,-0.0289120218437522,-1.01440895401967
"372",372,"5kbxd8uz",1.55238095238095,2.19047619047619,77,77,132,60.4999999999999,0.735999999999997,210,0.842049223923177,-0.148371804350393,-0.11637396696713,-0.165131351584181,-1.6217111421134
"373",373,"fdr4ezap",1.0952380952381,1.57142857142857,103,103,107,58.0954545454545,0.659054545454544,210,1.0228385212227,-0.0547970457172371,-0.0215098321386587,-0.0276490961259985,-1.59880337331286
"374",374,"eqaxt99x",3.06190476190476,3.45714285714286,7,7,201,53.4136363636365,0.509236363636368,210,-0.000101617354192673,-0.120489443864895,-0.0177197060137638,0.018781296057674,-0.357197591706041
"375",375,"fw4bca5o",0.990476190476191,1.28095238095238,151,151,59,55.5954545454546,0.579054545454547,210,0.932619602944976,-0.200579585288009,-0.0154457266541678,-0.0727680901544262,-0.821304832475128
"376",376,"kl29jhqw",2.64285714285714,2.62380952380952,0,0,207,53.2545454545455,0.504145454545456,210,0.418009527628468,0.0411104307302324,0.0229711105901463,0.0255357283326506,-0.937955178308248
"377",377,"bznljvke",0.976190476190476,1.44761904761905,104,104,104,70.209090909091,1.04669090909091,210,-0.120875727683793,0.0420815398749861,-0.000953674523495637,-0.00236501988249795,-1.91681365259884
"378",378,"uw7rul53",1.92380952380952,2.25714285714286,3,3,207,51.3727272727272,0.443927272727271,210,0.477172902906711,-0.00221533677173488,-0.00989368650553063,-0.0165356560100784,-2.59823032594048
"379",379,"hbl8dak5",3.61904761904762,1.64761904761905,2,2,200,33.8090909090909,0,210,0.585646964129204,0.0420815398749861,-0.00925970133855233,-0.00572794732623409,-1.69287548612253
"380",380,"56rwcpa8",1.86666666666667,2.1,29,29,180,58.2681818181818,0.664581818181817,210,0.73552030350493,-0.109059397976256,-0.0122797185911176,-0.0136529375535515,-0.219992500050709
"381",381,"ueksd0fs",1.46666666666667,1.86666666666667,77,77,130,62.1181818181818,0.787781818181818,210,1.107685884919,-0.253468426702264,-0.180640750964643,-0.245364759306361,-1.20421769517717
"382",382,"z388objw",2.17142857142857,2.24761904761905,1,1,208,54.6409090909089,0.548509090909085,210,0.30621650007693,-0.00079471057632477,-1.50608522276191e-05,0.00200902688343121,-1.31596322524633
"383",383,"8ry4lzl1",2.86190476190476,2.66666666666667,91,91,117,59.7954545454545,0.713454545454544,210,0.601591321196801,-0.21802183871507,-0.0979114507184621,-0.184390644548086,-1.34439426723272
"384",384,"yncwfpu2",1.17142857142857,1.75238095238095,54,54,144,60.8136363636363,0.746036363636362,210,0.237715502874509,-0.079478922576814,-0.00804999811352033,-0.0127108957373071,-1.43782321039745
"385",385,"17dt9ke0",1.85238095238095,2.1,15,15,190,51.3000000000001,0.441600000000003,210,0.828339005335206,-0.389993691041329,-0.239413368911693,-0.311500262491165,-1.35372150456419
"386",386,"zw1sttb8",2.64285714285714,2.85238095238095,3,3,207,49.7545454545454,0.392145454545453,210,0.570687630280873,-0.0236018164084543,-0.00575504217446365,-0.00426476981855184,-1.61357629965053
"387",387,"gxwucuu6",2.32380952380952,1.62380952380952,11,11,186,46.0727272727273,0.274327272727274,210,0.0802738619857272,-0.148987203187088,-0.0116476244871874,-0.00604706611143203,-0.753746146487402
"388",388,"xzo0n6f7",3.03333333333333,3.14285714285714,3,3,207,53.1454545454545,0.500654545454544,210,1.05464946272305,-0.355651819400134,-0.132948564015229,-0.222472115591169,-0.967944881312468
"389",389,"pn984mgs",1.32380952380952,1.41904761904762,104,104,103,53.6818181818184,0.517818181818189,210,0.379512351749761,-0.106722490114829,-0.0162423934727094,-0.0223481954758436,-1.2514458913239
"390",390,"oz8nbus6",1.45238095238095,1.69047619047619,66,66,139,50.1272727272727,0.404072727272726,210,-0.336275313564038,-0.142759123316169,-0.0579397227615138,0.0267645019833027,1.58698077846048
"391",391,"3k4juyeh",2.57619047619048,1.6047619047619,11,11,145,40.3636363636364,0.0916363636363648,210,0.536425999314137,0.0504320804320963,0.0149907809822237,0.0227317503453251,-0.726572201286179
"392",392,"m37vkz76",1.24285714285714,1.98571428571429,107,107,103,62.5909090909091,0.802909090909091,210,0.210385331954687,0.0110651533451977,0.00906628947273894,0.0143705808522628,-1.07269485129463
"393",393,"4xdluwy6",4.31428571428571,4.2952380952381,9,9,187,46.1500000000001,0.276800000000003,210,0.0312089533580242,0.0420815398749861,-0.0114394251136388,-0.00204781475447446,-1.27604909179637
"394",394,"co43locr",3.13809523809524,4.82380952380952,11,11,186,47.7590909090907,0.328290909090903,210,0.171263827542148,-0.0956286426059828,0.0018004585296776,-0.0291123267922188,-2.04888149060478
"395",395,"85ttd9er",1.75238095238095,1.6952380952381,50,50,159,55.4409090909091,0.574109090909091,210,1.38133646181081,-0.422632052391115,-0.257526905493851,-0.322026961926056,-1.38494270268312
"396",396,"fc2y7mll",1.19047619047619,1.67619047619048,41,41,165,54.0909090909092,0.530909090909094,210,0.631250015643315,-0.191353721470398,-0.0646825620533727,-0.0997540153635108,-1.18524007729198
"397",397,"qxcq0nhv",2.15714285714286,2.08571428571429,0,0,208,52.5727272727272,0.48232727272727,210,0.111968241747646,-0.0188215677651901,-0.00996387006041885,-0.0112422146589087,-1.88441926834512
"398",398,"u3n89ngp",2.66666666666667,3.0047619047619,3,3,203,55.3954545454544,0.572654545454541,210,0.302886284153162,0.0581271383839509,0.000101526508638206,0.00908269952995661,-1.94127003161635
"399",399,"tfvdx0gr",3.90952380952381,2.42857142857143,12,12,186,44.8409090909091,0.234909090909091,210,0.527032965378262,-0.204014888921854,-0.0653811211474503,-0.166572535193149,-1.50746642174105
"400",400,"3w4hz57x",1.84761904761905,1.88571428571429,35,35,161,56.1136363636364,0.595636363636365,210,0.960849668184067,-0.125537550886793,-0.120429848945634,-0.159078804427176,-1.42302436303048
"401",401,"ub7koqzt",1.97619047619048,2.52380952380952,16,16,193,55.8772727272727,0.588072727272726,210,0.156785464315471,-0.0618707395560996,-0.0119611957931053,-0.0290550040185556,-1.73769507698938
"402",402,"bsowyjtt",2.2047619047619,2.29047619047619,6,6,202,50.1318181818182,0.404218181818182,210,0.38015381024894,-0.10350678209696,-0.00880438895224737,-0.00460297989530137,-1.70560128874257
"403",403,"j6ytx9g5",1.31428571428571,1.42857142857143,108,108,85,59.8499999999998,0.715199999999994,210,1.1242553102521,-0.223512693301654,-0.159504682428654,-0.211783773928706,-1.57558156885469
"404",404,"z2b2dhca",1.38095238095238,1.7952380952381,82,82,128,57.6636363636362,0.645236363636359,210,1.21923299520944,-0.346702427606702,-0.221342519082646,-0.291148535566354,-1.72790073699968
"405",405,"elombrds",3.77619047619048,3.7952380952381,3,3,206,52.85,0.4912,210,0.648973731555178,-0.0289567047526276,-0.0142048450681231,0.00300615493803286,-1.21802755783817
"406",406,"xznjmcgw",1.31904761904762,1.49047619047619,81,81,100,54.3681818181819,0.539781818181821,210,0.660477753952143,-0.0609341273857966,-0.0130764870259652,-0.0233632083081298,-0.987906809670501
"407",407,"2dbga6ee",5.07142857142857,3.54285714285714,1,1,205,43.8227272727273,0.202327272727274,210,-0.386273652257438,-0.0250042630463739,-0.00141151398445744,0.0452466831158187,0.172698227065133
"408",408,"uugj0lsw",2.74285714285714,2.98095238095238,1,1,208,53.2545454545456,0.504145454545459,210,0.909352209886728,-0.28620602251963,-0.201951092796694,-0.281523532324366,-0.613282307685093
"409",409,"9f31lkeb",1.89047619047619,1.92857142857143,81,81,129,60.0363636363634,0.721163636363628,210,0.912302447154841,-0.196127505577603,-0.10849672253085,-0.16426622996247,-1.85472181120934
"410",410,"r0n9fg0u",2.27142857142857,1.83809523809524,2,2,206,51.0181818181817,0.432581818181814,210,0.489113579262408,-0.0762962972182705,-0.00519560533257253,-0.0206058943017832,-1.56417932699011
"411",411,"hdp9gy0x",1.48571428571429,1.87142857142857,107,107,103,57.0681818181818,0.626181818181818,210,0.280797135113359,-0.0669209882859547,-0.00494629196800846,-0.00657904188683142,-1.3891547141708
"412",412,"mldmml5a",1.46666666666667,1.71904761904762,109,109,101,60.9681818181819,0.750981818181821,210,-0.066958938356399,-0.00093643429270085,0.00696261698561183,0.0118172739755974,-1.17410898903158
"413",413,"dwc952nh",2.10952380952381,1.73809523809524,29,29,157,46.3681818181817,0.283781818181814,210,0.428561043700385,-0.0433198710603249,-0.0133950688328771,0.020236585670351,-0.327396382352211
"414",414,"ooe464l5",2.56190476190476,2.38095238095238,3,3,204,49.4636363636363,0.382836363636361,210,-0.0257886014713955,-0.0392633836427717,-0.0101046973934394,0.00499408971442342,-0.0916385261658603
"415",415,"4q6f4utw",1.96190476190476,2.34761904761905,122,122,88,52.5681818181819,0.482181818181821,210,1.15460397785282,-0.331706253581646,-0.218284471017525,-0.281865468716331,-1.75379824517342
"416",416,"qv3dlzek",2.15714285714286,1.9952380952381,3,3,205,57.5454545454545,0.641454545454544,210,0.0923816008226988,0.0503032652046956,0.00935578122846271,0.0103089916817601,-0.558449837285313
"417",417,"rfbhb7b7",2.35714285714286,2.82857142857143,3,3,205,50.3318181818181,0.410618181818179,210,0.242106476748394,-0.0321881332531825,0.00599321944747644,0.0225075013040747,-0.621172868756441
"418",418,"rdncdssy",2.76190476190476,2.96190476190476,1,1,209,49.35,0.3792,210,1.1366290980243,-0.403210507855235,-0.239626399587997,-0.323092491089328,-1.96532136494304
"419",419,"k1lvu5z4",2.78095238095238,3.16190476190476,35,35,175,55.1409090909092,0.564509090909094,210,-0.369210893967713,0.0460213204074394,0.0121745765480049,0.0402905928449392,-1.26110463067452
"420",420,"klh8xxn9",2.83333333333333,3.13809523809524,5,5,200,53.6636363636364,0.517236363636365,210,0.159930324839016,-0.123445275748386,-0.0420254170955345,-0.0719589628072551,-0.839904072935123
"421",421,"8z9xy2k3",0.90952380952381,1.35714285714286,121,121,88,60.0772727272726,0.722472727272723,210,0.76357502292483,-0.362521623785638,-0.194266903603393,-0.241882770192356,-1.31321684378642
"422",422,"74v9c2vv",1.30952380952381,1.84761904761905,113,113,97,63.9818181818183,0.847418181818185,210,1.33159386087913,-0.468832236682914,-0.270566322938621,-0.322119250730677,-1.51659553881615
"423",423,"ezajy32v",2.6047619047619,3.35714285714286,78,78,132,56.2818181818181,0.601018181818179,210,0.832913147243416,-0.252799184551454,-0.142515285992957,-0.218750181626543,-1.6022250466405
"424",424,"heb68jyq",1.96666666666667,2.32857142857143,18,18,185,55.7272727272727,0.583272727272726,210,0.442690506662949,-0.0791618275943116,-0.0109469680482378,-0.0121436007692882,-1.45417385319192
"425",425,"5rznm5yj",3.08095238095238,1.44761904761905,4,4,199,36.4409090909091,0,210,1.31736613046893,-0.444063857710669,-0.267030468517856,-0.324282514964769,-1.42275193708839
"426",426,"u4d1r83z",1.53333333333333,2.20952380952381,57,57,150,56.6,0.6112,210,0.783713608427328,0.0282070180080495,0.00395624657249144,0.00914776251362824,-0.695787798778015
"427",427,"l8tn3b98",1.9952380952381,2.66666666666667,72,72,138,57.7863636363636,0.649163636363635,210,0.984593156021266,-0.330263913105321,-0.206094172621809,-0.280384797570419,-1.55016418815533
"428",428,"6bs8pbg3",3.00952380952381,2.92857142857143,34,34,174,54.7681818181818,0.552581818181818,210,1.26224241361488,-0.477642277234215,-0.250824948147176,-0.325433624724951,-1.06186886318119
"429",429,"0ebc7yyz",1.36666666666667,1.6,105,105,105,58.6227272727273,0.675927272727274,210,0.138876938711471,-0.175101086509802,-0.0788475607025057,-0.110559672599852,-1.3006105234203
"430",430,"51ave3lv",1.83333333333333,1.96666666666667,45,45,164,57.0318181818182,0.625018181818182,210,1.0543228685055,-0.389604580894118,-0.239140272270208,-0.310127584106201,-1.73931761485363
"431",431,"xq8bdjpk",1.13333333333333,1.47142857142857,133,133,76,60.918181818182,0.749381818181824,210,1.05050231159434,-0.2786333165843,-0.19874221792658,-0.249384075057889,-1.1951784652085
"432",432,"edynb47f",1.55238095238095,1.9952380952381,60,60,143,61.0500000000001,0.753600000000003,210,0.185841817408139,0.0420815398749861,-0.00515599415397051,-0.00156041401457288,-1.7705101704245
"433",433,"bqy7rf29",1.28095238095238,1.57619047619048,90,90,120,62.5954545454544,0.803054545454541,210,0.291766571391826,0.0121843062478687,-0.00291492713797295,-0.00293749563315772,-0.756534301575424
"434",434,"m2jdeoos",5.18571428571429,3.9,0,0,203,40.5727272727271,0.0983272727272673,210,0.614424638270087,-0.268268694477785,-0.0633112175450183,-0.0851322178975381,-1.34581364400101
"435",435,"vcz6zfs4",2.3,2.20952380952381,4,4,206,52.2454545454546,0.471854545454547,210,0.291875825274102,-0.0793127609107975,-0.0161014627795668,-0.00799777201100885,-1.08815525081555
"436",436,"de8w56p0",2.73809523809524,2.88571428571429,13,13,193,53.1500000000001,0.500800000000003,210,0.770941899609468,-0.442988597867077,-0.256346526558603,-0.298950849073647,-0.718344850724137
"437",437,"r48qhh0c",0.580952380952381,0.614285714285714,126,126,65,45.0454545454546,0.241454545454547,210,0.0677004960339143,0.0871139037223317,-0.00212654682378341,0.00127480309280083,-1.67434346536052
"438",438,"av3l6owl",2.23333333333333,1.9,18,18,181,50.0363636363635,0.401163636363632,210,0.178433348643813,-0.0112836770391649,0.0045813235063091,-0.00272820125956671,-1.20537992385834
"439",439,"l0wdr05u",2.60952380952381,2.84285714285714,25,25,178,51.7909090909091,0.457309090909091,210,-0.0350773271628353,-0.0627980826763732,-0.0164662882732022,0.0116932483538474,-0.0134281299372003
"440",440,"q9v14w67",1.9,2.26190476190476,5,5,203,52.759090909091,0.488290909090912,210,0.912572219846744,-0.254531508221996,-0.0412771252872483,-0.146133791018669,-0.90377664615818
"441",441,"k95npjeg",2.21428571428571,2.57142857142857,77,77,131,57.2090909090909,0.630690909090909,210,0.398662783130841,-0.0214431067454324,-0.0157470413574463,-0.0126832938888885,-1.43152640550899
"442",442,"xxlx39xs",2.07619047619048,2.00952380952381,4,4,201,55.4045454545456,0.572945454545459,210,1.1982247416533,-0.318397384728577,-0.080325027197605,-0.200665973157686,-1.39666709131009
"443",443,"wow5jbck",2.27142857142857,2.32857142857143,8,8,197,49.7636363636364,0.392436363636365,210,-0.129905828199973,-0.11300189936983,-0.0119592815515008,0.00793575485416753,-0.699500091666653
"444",444,"q3dgcpmu",2.67142857142857,3.03809523809524,4,4,206,56.0863636363637,0.594763636363639,210,-0.0843750593686671,-0.0444536506334084,-0.00853799542963828,0.00308698240062774,-1.41637588564295
"445",445,"msycs6l7",1.75714285714286,1.80952380952381,12,12,195,52.9818181818181,0.495418181818179,210,0.893152133716475,-0.463776235029206,-0.228000555189503,-0.275242688999325,-1.19768852724197
"446",446,"j8cgr9v4",1.71428571428571,2.06666666666667,24,24,180,50.3181818181818,0.410181818181818,210,0.885839689772506,-0.443936448044699,-0.250147345983633,-0.298733324499124,-1.43053084814442
"447",447,"4mdwzx9u",1.93333333333333,2.05238095238095,1,1,203,54.2090909090908,0.534690909090906,210,0.00994185638171463,-0.105933445157381,-0.011826132765284,0.000835297583252223,-0.818031238480325
"448",448,"arqwm6sx",3.14285714285714,3.92857142857143,4,4,204,57.3772727272726,0.636072727272723,210,0.35785839325658,-0.0476910728612068,-0.00901077316843675,-0.00229899727879343,-1.07177190138798
"449",449,"t5cr88m1",1.4952380952381,1.83809523809524,59,59,149,56.2590909090909,0.600290909090909,210,0.797927716723386,-0.243233480856463,-0.185911069691853,-0.206926399881406,-1.22295283243335
"450",450,"jcu4myzq",2.87142857142857,2.4,6,6,203,50.540909090909,0.417309090909088,210,0.475428681144315,-0.0049805287654642,-0.006969111925298,-0.00561506014099886,-1.48642498203373
"451",451,"hbsvgc1e",0.833333333333333,1.07619047619048,130,130,80,61.3909090909091,0.764509090909091,210,1.23732140881729,-0.374481664249863,-0.227088062136409,-0.277216804640777,-1.53036172876193
"452",452,"t8mh798j",1.67619047619048,1.72857142857143,90,90,119,55.0636363636364,0.562036363636365,210,0.0453987701109029,0.030785403997045,0.0097785420075886,0.0148298850983717,-0.533499910426409
"453",453,"apep85nb",3.13809523809524,2,50,50,148,47.1181818181818,0.307781818181817,210,0.447946437221542,-0.0338241218386107,-0.00832997906079276,-0.0100005144083462,-1.14438937191029
"454",454,"dnvez1ph",1.7952380952381,2.47142857142857,109,109,101,59.8909090909091,0.716509090909091,210,0.0413677199276941,-0.0277010277268652,-0.0225684999953096,0.0280690892435252,-0.0283364870692528
"455",455,"vfjouvzl",1.38571428571429,1.81428571428571,30,30,180,56.4772727272727,0.607272727272726,210,1.14310786095319,-0.383116995370829,-0.201068117295728,-0.26116070251443,-1.31994547486509
"456",456,"zph264a5",2.34761904761905,1.5047619047619,74,74,87,42.4136363636363,0.157236363636362,210,1.1034969368937,-0.246664834976611,-0.167747102131115,-0.215648616798258,-1.01638874628897
"457",457,"dv7uembq",2.64285714285714,2.78571428571429,7,7,200,54.0318181818181,0.529018181818179,210,0.868367961407955,-0.446614369667821,-0.266497431115448,-0.318925182534784,-1.18201685919336
"458",458,"a3cc625b",2.8952380952381,3.2,28,28,179,55.3272727272729,0.570472727272733,210,0.898690758963543,-0.0878960261546596,-0.000782424735959575,-0.048017882318281,-0.142647838036158
"459",459,"yoqekrae",3.58095238095238,3.54285714285714,0,0,210,52.5045454545455,0.480145454545456,210,1.0164051087661,-0.569707640898313,-0.256745055540808,-0.304336506273379,-1.93293689139739
"460",460,"94we44sa",2.33809523809524,2.50952380952381,132,132,77,59.5545454545455,0.705745454545456,210,0.503425842642442,-0.240005511092785,-0.130335688650364,-0.140473482475881,-1.55533561309575
"461",461,"jkkgd2dq",3.2,2.83809523809524,2,2,202,53.0454545454546,0.497454545454547,210,0.634195520711571,-0.188410212947125,-0.0268087369807445,-0.127849372487601,-0.964516902862282
"462",462,"tjfj83e4",2.03809523809524,2.22857142857143,7,7,201,53.3045454545453,0.50574545454545,210,0.141377612286453,0.0420815398749861,-0.00101808037883185,0.00582536382920765,-1.84941681205002
"463",463,"6t4lc2ba",1.35238095238095,1.89047619047619,46,46,148,60.9227272727273,0.749527272727273,210,0.471978004185898,-0.0478618593454573,0.00303197346051665,0.0198854733363787,-0.522274728580514
"464",464,"vs1aswd5",1.41904761904762,1.82857142857143,104,104,106,60.9454545454545,0.750254545454544,210,0.382032257628547,-0.0600717087675091,-0.0186688150098331,-0.00356033932451737,-0.300155687739601
"465",465,"xevbow2z",2.9047619047619,2.45714285714286,0,0,209,51.4227272727273,0.445527272727274,210,0.538034934749517,-0.0159902260385257,-0.00129039889861798,0.0477530732836499,-0.880915679997725
"466",466,"yaoc5wdp",2.20952380952381,2.14761904761905,71,71,139,58.9499999999999,0.686399999999997,210,1.08504664046276,-0.448873271334809,-0.239371146118417,-0.31221701310707,-1.08334680396007
"467",467,"v2e651oo",2.87619047619048,1.36190476190476,9,9,195,46.3818181818182,0.284218181818182,210,0.206780950494094,-0.0633189039709147,-0.00479487357119718,-0.00938373810860214,-1.22099004583473
"468",468,"jud38jxy",1.91904761904762,2.29047619047619,59,59,148,58.8045454545454,0.681745454545453,210,0.217791514488979,-0.040517696483023,-0.00551428440807844,0.000425037283921875,-1.02617186109417
"469",469,"oekmbxjz",2.22380952380952,2.65714285714286,16,16,182,51.7227272727272,0.45512727272727,210,0.637245169138257,-0.1625728898786,-0.0292618289527495,-0.0638888643558448,-1.11435899214056
"470",470,"g0wpqz9x",2.51904761904762,1.89047619047619,3,3,198,47.7818181818182,0.329018181818182,210,-0.0306386945797998,0.00830379461227293,0.00252562739637616,0.00975797223818403,-1.63165105906863
"471",471,"mkhc412r",3.06190476190476,3.23333333333333,36,36,151,47.6863636363636,0.325963636363635,210,0.634264900227749,-0.124213542534397,-0.123030259098402,-0.138950286201,-0.408863330060671
"472",472,"4d18dw1d",2.25238095238095,1.73333333333333,10,10,193,51.7181818181818,0.454981818181818,210,-0.0576312177226691,0.125482288190519,-0.006134083204988,0.00587622477454834,-1.22326386978682
"473",473,"on0repnz",1.04761904761905,1.48095238095238,104,104,105,58.4954545454545,0.671854545454544,210,1.17283823069181,-0.323003815430217,-0.207036714793202,-0.285588039337148,-1.06272939088398
