"","X","subjectID","score","variation","variationR","bonus","av_distance","av_distance_prev","reclicks","HVclicks","Novclicks","trials","slope_score","slope_novel","slope_dprev","slope_dhv","slope_dprew"
"1",1,"hhhockrt",46.6772727272727,75,61,0.44050909090909,3.15256238095238,3.18880952380952,84,83,126,210,0.94453430192793,-0.399563460718586,-0.257897087733997,-0.22866741173647,-0.886800197710777
"2",2,"nq6nfgd1",37.9590909090909,57,41,0.0220363636363632,2.82401428571429,4.09851904761905,163,57,47,210,1.05300895109339,-0.35538988879528,-0.279091235771978,-0.278746987479572,-1.66427079269008
"3",3,"y3nzs4ud",54.7590909090909,69,55,0.828436363636363,2.76547380952381,2.85958238095238,94,82,116,210,0.533605798234085,-0.178954396959223,-0.140681031277875,-0.118016125017591,-0.904616192987182
"4",4,"2f18hawm",52.3863636363637,54,39,0.714545454545458,2.6037319047619,2.74255380952381,106,106,104,210,0.0615107167225095,-0.233731896241979,-0.00994433229957709,-0.0484425846467114,-0.43117632121698
"5",5,"sfbdt8n9",50.1090909090908,60,50,0.605236363636358,2.06187,2.71052476190476,115,113,95,210,0.202250222694884,0.007696325689589,-0.00373872327945313,-0.00111324809810323,-0.492177199814119
"6",6,"xove9k48",55.9727272727272,45,39,0.886690909090906,1.05293761904762,1.28991619047619,156,156,54,210,0.892377376647827,-0.320522910901666,-0.277452944999396,-0.261448727151475,-1.34232468098939
"7",7,"y8dydnnh",39.5590909090908,98,75,0.0988363636363583,4.61452428571429,4.08547476190476,11,4,199,210,0.756813434882321,-0.382194150169731,-0.233201303328287,-0.231258437667829,-0.584915765156325
"8",8,"6xlyhhqs",51.5772727272727,46,31,0.675709090909089,2.13798,2.68536285714286,126,125,84,210,0.206696302917046,-0.528944951999871,-0.0543148134843744,-0.0482480549787422,-0.592771566196029
"9",9,"00rzqb1d",46.9181818181819,45,36,0.452072727272731,1.36594,1.54095428571429,156,149,54,210,0.707589696260811,-0.193123100183894,-0.124529929625393,-0.144611743147161,-1.00994763735332
"10",10,"7ewwuwva",50.709090909091,21,17,0.634036363636368,1.68125333333333,2.1022680952381,152,145,58,210,1.09189811023555,-0.34578572529423,-0.297540156670086,-0.305934112316996,-1.12637692216636
"11",11,"hmh1ucnb",47.1136363636362,94,69,0.461454545454537,1.65998047619048,2.58698142857143,115,111,95,210,0.711226762458189,-0.528641218018299,-0.306846380360201,-0.281664175292017,-1.26831793987284
"12",12,"oo6hmrca",49.9272727272726,31,25,0.596509090909085,0.62438619047619,0.943238571428571,182,175,28,210,0.542741965317912,-0.0839846207211306,-0.0710103318318902,-0.0941933608515365,-1.31233490614038
"13",13,"rxmy5fgo",47.1363636363636,32,20,0.462545454545453,1.18677380952381,1.35925333333333,171,157,39,210,0.307469351679801,-0.181500626632546,-0.00688647715717203,-0.05804370690225,-0.374788893813043
"14",14,"vffduu0s",47.6772727272727,40,32,0.488509090909089,1.58334761904762,2.14647952380952,143,140,67,210,1.07912555009212,-0.245627793082385,-0.189202604803023,-0.226020346615166,-1.42171185073432
"15",15,"9jehfmot",45.9136363636362,40,31,0.403854545454538,1.10884857142857,1.8423280952381,164,151,46,210,0.231212582325619,-0.321976075542561,-0.139519643708634,-0.114224725711678,-0.684215363378669
"16",16,"2f00cejq",48.7590909090908,70,44,0.540436363636359,2.46835095238095,2.7158080952381,109,109,101,210,0.304191503650041,-0.392722499327261,-0.100832699059518,-0.0846235534545806,-0.828745516434866
"17",17,"qol84cpr",51.3272727272729,51,37,0.663709090909099,0.762769523809524,1.03745476190476,174,172,36,210,0.0567608893015126,-0.136523460633108,-0.000584740497642372,-0.00185359613217229,-0.0580936107336074
"18",18,"on95gvhw",47.8681818181817,77,54,0.497672727272721,1.96757904761905,2.21603380952381,121,110,89,210,0.290709744419289,-0.134594353464545,-0.0926699746293022,-0.0854905885081727,-1.27563109204673
"19",19,"ez5nwule",53.1545454545456,70,52,0.751418181818189,0.972148571428571,1.32941952380952,150,150,60,210,0.984950848979275,-0.296152966931449,-0.284330779046011,-0.279814820363449,-1.37088455449723
"20",20,"bhk2nvdy",52.1772727272728,18,12,0.704509090909095,0.867990952380952,1.35681571428571,175,175,35,210,0.368296799288234,-0.356837529454553,-0.183104207113948,-0.20528803058175,-0.78287979185997
"21",21,"z978tvl5",51.5363636363637,46,37,0.673745454545458,2.00261095238095,2.19734333333333,120,118,90,210,0.662709447431309,-0.23027870316108,-0.124356320070171,-0.223966818311538,-1.19686878285794
"22",22,"6fu1vnrn",48.0681818181817,65,48,0.507272727272722,1.22153666666667,2.44551476190476,149,147,61,210,0.348060805597326,-0.21370445487902,-0.108046429773174,-0.0628994473990007,-0.704529762420426
"23",23,"o3y9yzef",52.8045454545454,71,53,0.734618181818179,2.12369571428571,2.75170761904762,113,112,97,210,0.718031375310112,-0.59898259402405,-0.237552559346601,-0.202115552589148,-0.604869280170796
"24",24,"0pgnsg7b",47.9727272727272,45,28,0.502690909090905,2.61156619047619,3.0363919047619,108,100,102,210,0.0734053425399378,-0.128467690021789,0.00536419184594278,-0.0397920428137036,-0.354155950748872
"25",25,"u4h0rknc",44.0136363636364,18,12,0.312654545454547,1.19191238095238,1.60035476190476,172,166,38,210,0.165048119476159,-0.248546098078084,-0.0294196657940163,-0.0162816826167125,-0.740287538314134
"26",26,"bbcfhwnz",49.0000000000001,10,7,0.552000000000005,0.481524285714286,0.609493809523809,195,195,15,210,0.775086562741046,-0.0536527765409022,-0.00498814652938287,-0.0615928678572168,-1.03157826539277
"27",27,"6gzo3kny",51.1909090909092,44,37,0.657163636363642,1.5203319047619,1.62662380952381,146,145,64,210,0.96326124899566,-0.278841470157385,-0.210333725517669,-0.215288286769874,-1.33990616371063
"28",28,"3tyq8bzq",35.8590909090909,104,81,0,5.83269380952381,4.81448333333333,20,4,190,210,0.662322339700792,-0.683188244527543,-0.24064699818057,-0.210092187270132,-1.26421221748076
"29",29,"23fx2n0v",54.1227272727273,16,15,0.797890909090911,1.05209904761905,1.28086047619048,166,166,44,210,0.681814532534884,-0.213508088592381,-0.167432506487945,-0.151334190346274,-1.2226021387297
"30",30,"tl83w2xc",50.4636363636364,27,24,0.622254545454547,0.61161380952381,0.769458571428571,180,180,30,210,0.81203538414836,-0.321663660896475,-0.271595374860978,-0.27519716906915,-0.783848114465253
"31",31,"0a6a9q2l",52.7818181818181,29,24,0.733527272727269,1.59253238095238,2.09382904761905,139,139,71,210,0.658739765393121,-0.33774418234758,-0.263329102566465,-0.263382509981839,-0.945597911676245
"32",32,"hzwr2bmw",37.8545454545453,48,31,0.0170181818181747,4.13148714285714,3.64350761904762,96,41,114,210,0.26044628613628,-0.26619935628691,-0.0932804037974124,-0.0965664676514802,-0.400120805666162
"33",33,"gj6jtxzq",54.5818181818183,27,16,0.819927272727279,0.861933809523809,1.0514680952381,175,175,35,210,0.764877490105712,-0.416315564580616,-0.284719172502644,-0.2627524918593,-1.13093541976875
"34",34,"2z7pz06e",44.3772727272728,9,8,0.330109090909094,1.37907571428571,1.7553619047619,183,169,27,210,0.683834892206826,-0.388639114109383,-0.249446310682751,-0.220603613102631,-1.13065974160541
"35",35,"6ktxvhv6",44.2090909090909,12,6,0.322036363636363,0.910617142857143,1.27566238095238,182,181,28,210,0.620310347834301,-0.295128900914815,-0.201988201798277,-0.218873303660388,-0.552089324659317
"36",36,"eqca3bl9",36.5,40,35,0,4.60249523809524,4.11612523809524,79,18,131,210,0.676201608709499,-0.553215347750327,-0.261316973014698,-0.23912774814529,-1.02371172002918
"37",37,"97ocjb6n",42.1318181818182,126,87,0.222327272727274,4.50410571428571,4.37334095238095,4,2,206,210,0.850657826221669,-0.286375089932431,-0.262158979016236,-0.278777881348692,-1.57343994436303
"38",38,"0vry5ube",39.559090909091,71,45,0.0988363636363681,1.60842571428571,2.07632095238095,150,117,60,210,0.822371471840108,-0.468318093193762,-0.287449539635839,-0.280738535626372,-1.34416929598484
"39",39,"s6mhm6ft",44.4590909090909,9,9,0.334036363636363,1.29298476190476,1.63348952380952,167,160,43,210,0.860341335921127,-0.172641429467603,-0.162044941508925,-0.188390658985608,-1.1282512616335
"40",40,"xdd8fo9z",48.7045454545454,62,34,0.537818181818179,0.923291904761905,1.2973119047619,171,166,39,210,0.720741639946543,-0.177355349661705,-0.201643532860028,-0.202522464499527,-1.32917104555323
"41",41,"0scns8fh",49.0818181818182,30,18,0.555927272727274,1.03466333333333,1.01101904761905,187,150,23,210,0.960257845291061,-0.291279928564914,-0.176714714294869,-0.230812830677177,-0.909109022188316
"42",42,"tcd29yg9",46.2863636363637,31,20,0.421745454545458,0.655896190476191,0.707653333333333,184,181,26,210,0.177730823597794,0.0402428271203261,-0.00161534274097294,-0.0013197892126203,-0.908086988084155
"43",43,"wkbe3ber",39.0454545454546,101,63,0.0741818181818208,4.58890571428571,4.61875095238095,50,16,160,210,0.474448974333891,-0.350919246712214,-0.180963711428168,-0.176952335811812,-0.852245283356309
"44",44,"a8ps9sdf",32.4136363636365,15,13,0,0.580764285714286,0.19670619047619,206,189,4,210,0.935988458823575,-0.325550880612444,-0.277138311591496,-0.293030890813933,-1.35237956103465
"45",45,"qs8ywncu",45.559090909091,110,88,0.386836363636368,3.39053523809524,3.94015904761905,53,44,157,210,1.32139205032471,-0.485661273912188,-0.341314487360648,-0.351711328319974,-1.08016232280072
"46",46,"1n75pw58",52.5681818181817,20,16,0.723272727272722,1.11716380952381,1.47911952380952,169,168,41,210,0.912183856136375,-0.285716093560478,-0.23338424896513,-0.209133190001994,-1.27604244156109
"47",47,"l8ysv03y",39.1954545454544,139,95,0.0813818181818111,4.7690919047619,4.80911,16,5,194,210,0.591129493838225,-0.206131448598618,-0.0670898113394234,-0.13571239904033,-0.645431936440937
"48",48,"pkup4jsd",43.3000000000001,70,50,0.278400000000005,2.04820857142857,2.29605476190476,114,112,96,210,0.634062199142993,-0.185580044256264,-0.112816586674452,-0.124524381372379,-0.701841902566562
"49",49,"9fztwznf",48.8681818181819,124,68,0.545672727272731,2.74933285714286,3.04662619047619,96,77,114,210,0.612821373863193,-0.38693230629679,-0.26178934475696,-0.245954779561165,-0.675755565922378
"50",50,"uj6zfcm0",59.0590909090909,42,33,1.03483636363636,0.930165238095238,1.19692142857143,160,160,50,210,0.501712723070167,-0.209021098430402,-0.152294894135757,-0.147932520772648,-1.315886910119
"51",51,"dvve9pgf",48.4318181818182,88,74,0.524727272727274,2.79107714285714,3.40499047619048,88,87,122,210,0.564295308178057,-0.228938312812093,-0.104999314385559,-0.124054034470782,-0.691758195158838
"52",52,"2xmlbgk1",45.6318181818181,85,69,0.390327272727269,3.09018761904762,3.38357142857143,92,57,118,210,0.875147463083445,-0.211042177064724,-0.184874559641326,-0.180872642501105,-1.10443825217773
"53",53,"4z1o75zp",41.2363636363635,27,22,0.179345454545448,3.00407285714286,2.0148480952381,147,94,63,210,0.785471373927065,-0.325301743206257,-0.156008103941406,-0.137704070762921,-1.37806100784359
"54",54,"et0kuusz",56.2545454545455,24,23,0.900218181818184,0.625129047619048,0.798624761904762,182,182,28,210,0.258590099315917,-0.191354411524196,-0.0112125206281936,-0.0343968630310228,-0.137718573559423
"55",55,"s0k86u6z",42.090909090909,14,9,0.220363636363632,0,0,210,210,0,210,0.832373659423187,-0.512095903622794,-0.250955409866272,-0.243212764880743,-0.912205478168134
"56",56,"1fzhpzza",52.2227272727273,41,31,0.70669090909091,0.714515238095238,0.925887619047619,175,175,35,210,0.673625866710743,-0.363381302784512,-0.283047449087233,-0.250547008455049,-1.32511220351146
"57",57,"rnrzj41w",49.6409090909091,51,38,0.582763636363637,0.911776190476191,1.16102,162,162,48,210,0.701420063159373,-0.286150666233801,-0.108466248420683,-0.229270846320374,-0.74828426333253
"58",58,"pdpu75ae",45.2090909090909,12,11,0.370036363636364,0.535891904761905,0.70452,190,190,20,210,0.902068826444453,-0.23813143135026,-0.198183083232907,-0.232655906096931,-1.46856354340029
"59",59,"rp6yd4ek",52.5363636363636,20,12,0.721745454545452,1.48338523809524,1.81455047619048,164,147,46,210,1.00428641308493,-0.607936202344383,-0.356949061264025,-0.34119931181172,-1.26226764453385
"60",60,"8scmmnfe",49.2181818181819,33,30,0.562472727272731,1.49765285714286,1.79101095238095,142,142,68,210,0.25548255552052,-0.0890227222749478,-0.0054338102287281,-0.00378889669494545,-0.288126796699225
"61",61,"qulmqfln",49.0545454545456,35,29,0.554618181818189,0.795285238095238,0.933933333333333,170,170,40,210,0.257807738755724,-0.267576351688769,-0.0847862732080051,-0.0966107680133326,-1.05738744497619
"62",62,"226lmynp",44.1590909090909,101,70,0.319636363636363,1.93968666666667,2.26393857142857,114,94,96,210,0.0755246861156047,-0.0152954257462115,-0.00199046457310062,-0.00485792041617963,-0.145352813392299
"63",63,"dd2vv1pc",54.5954545454545,35,24,0.820581818181816,1.0435480952381,1.1796919047619,172,165,38,210,0.861141923665149,-0.261622663747972,-0.187155156627305,-0.22223434461673,-1.22895184750504
"64",64,"n23x07jd",53.4636363636364,80,64,0.766254545454547,1.49235714285714,1.82567285714286,127,127,83,210,0.195779380073075,-0.365177037092896,-0.0453523833665184,-0.0490584827403593,-0.644366885543564
"65",65,"nrv2ltos",45.8090909090908,48,42,0.398836363636358,1.05063571428571,1.21721571428571,158,153,52,210,0.540286759647602,-0.271783899774668,-0.199078157833078,-0.194701397256863,-0.832313754663027
"66",66,"k7c9p0th",55.7545454545455,23,20,0.876218181818184,0.5033,0.652113333333333,183,183,27,210,0.0811161082954068,-0.0665889338473936,-0.00454066911048326,0.0101330349343035,0.016354008523311
"67",67,"hy9efhu6",52.5045454545455,33,28,0.720218181818184,0.883731428571429,1.01705761904762,168,168,42,210,0.466378460935417,-0.707756566341125,-0.187524730879041,-0.155368151929992,-0.799052127800576
"68",68,"t05dwmza",51.4772727272727,82,55,0.67090909090909,1.55374,2.20366714285714,136,134,74,210,0.52402585369986,-0.253814365617226,-0.0788481966320781,-0.198927443989729,-0.629693434999941
"69",69,"lp2mqb2q",51.45,18,16,0.6696,1.04255380952381,1.46056428571429,168,166,42,210,1.25415810994464,-0.418745231047733,-0.327385267217927,-0.31778030891391,-1.17346023114188
"70",70,"sjses643",54.3090909090909,61,51,0.806836363636363,0.889951904761905,1.08043238095238,154,154,56,210,0.746255548143592,-0.0991081521115481,-0.0924897035287304,-0.101884232234763,-1.22715937098577
"71",71,"lgtg6cjw",50.8727272727272,37,28,0.641890909090906,1.99955666666667,2.27567952380952,141,132,69,210,0.0106076812011837,-0.0861304190133217,-0.00411464242750423,-0.00267574746015758,-0.160434585947818
"72",72,"4m8m3pah",50.8318181818183,44,35,0.639927272727278,2.44596476190476,2.71501476190476,115,114,95,210,1.04196993872815,-0.22712496314331,-0.187833065826259,-0.240294628605716,-1.26762484718304
"73",73,"c9fy7x92",52.4,23,19,0.7152,1.41924857142857,1.9213519047619,164,164,46,210,0.87054329763191,-0.29496304176998,-0.22012875701413,-0.24466852750439,-1.2537604270299
"74",74,"lgyrvhz9",51.6681818181818,30,25,0.680072727272726,1.67434619047619,1.99417142857143,142,141,68,210,0.636556480886527,-0.42527497419879,-0.289875418372113,-0.25785713861454,-1.26788732977381
"75",75,"hanc2y2m",51.6181818181819,55,47,0.677672727272731,1.49440857142857,1.7523319047619,137,136,73,210,0.587861582997817,-0.236008545547305,-8.94282612540209e-06,-0.114072315700259,-0.259882585302094
"76",76,"wbxpjhzw",55.3636363636365,32,29,0.857454545454552,0.967705238095238,1.14708047619048,167,167,43,210,1.0683939726197,-0.325694478892515,-0.279251562494986,-0.291822833043983,-1.24435425454042
"77",77,"zaycgqlg",44.131818181818,126,103,0.318327272727264,4.21046238095238,4.44602142857143,3,3,207,210,0.157651016606122,0.00281965267871986,0.0061329106409948,0.00780109744703414,-0.453308737646502
"78",78,"f97x5a7b",47.6590909090909,53,44,0.487636363636363,1.68771,2.2245919047619,130,128,80,210,0.757815072219966,-0.303958038637947,-0.217750182152799,-0.206749110570076,-1.32928129522168
"79",79,"mte6huys",48.3681818181818,75,58,0.521672727272726,1.97898238095238,2.68648571428571,112,112,98,210,1.05337224690883,-0.347225988133299,-0.232563232524966,-0.297934263816808,-1.33209298724569
"80",80,"93cyuzq9",41.9454545454545,51,44,0.213381818181816,4.5757580952381,4.81672333333333,43,26,167,210,0.493685319823462,-0.246654906471275,-0.0205305988459115,-0.0913762330478178,-0.498376185134468
"81",81,"3zy8k7oh",54.3409090909091,48,38,0.808363636363637,1.72717,2.21835666666667,126,126,84,210,0.567674933478258,-0.245483368735212,-0.161776804950872,-0.176211794263413,-1.06576880181148
"82",82,"on1bl8yv",36.2045454545454,98,74,0,4.80576904761905,4.46950095238095,36,10,174,210,0.479122107209315,-0.110305385499712,-0.0728697477154925,-0.0475309125333456,-0.529354551204395
"83",83,"3f2c5lhp",52.7409090909092,69,48,0.731563636363642,1.09932333333333,1.58565523809524,149,148,61,210,0.536752595573619,-0.181482340560404,-0.00802113729942086,-0.136434154702145,-0.335912502766709
"84",84,"qkprp7u8",43.2772727272726,78,62,0.277309090909085,4.98022095238095,4.93048285714286,10,1,200,210,0.793308161676748,-0.424570352790491,-0.317382621322197,-0.323624875684279,-1.46511905550417
"85",85,"942rwz8e",53.0772727272728,31,21,0.747709090909095,1.27562238095238,1.58975857142857,160,159,50,210,0.323826810752068,-0.212260481936611,0.0101894378746596,-0.102700530908783,-0.173399250072719
"86",86,"okuug6ro",47.1681818181817,41,31,0.464072727272722,2.86016904761905,2.4841819047619,120,108,90,210,0.480579561550816,-0.197150176660685,-0.0920930920458422,-0.116069693452933,-1.52301969588776
"87",87,"1y6254d1",54.8090909090909,65,47,0.830836363636363,1.23836333333333,1.49923523809524,149,149,61,210,0.242499627058965,-0.101902010863105,-0.00398615570094105,-0.0131935486401047,-0.149394687880983
"88",88,"aqhlltdg",46.7909090909091,40,28,0.445963636363637,2.49183619047619,3.05590571428571,110,107,100,210,0.023001033688351,-0.446099121835136,-0.0156642783949394,-0.0154497333763928,-0.0222298756193982
"89",89,"s23q96aj",37.459090909091,72,61,0,5.07166476190476,4.48901190476191,8,3,202,210,1.02805804207849,-0.159324775772472,-0.120944163859809,-0.114707789198559,-1.50645171314665
"90",90,"70k36ppc",55.6954545454546,46,39,0.873381818181821,1.96789619047619,2.46302333333333,123,123,87,210,0.960802759022011,-0.275459742422497,-0.21244708426256,-0.262787888899366,-1.34986976449
"91",91,"28zss8zo",47.7954545454544,58,46,0.494181818181811,2.64421095238095,2.58216380952381,102,100,108,210,0.253150329724788,-0.163681371611369,-0.0871703440754708,-0.100282262058003,-0.477352558914684
"92",92,"4jsxpoh0",41.5272727272728,81,56,0.193309090909095,4.06109904761905,4.94893857142857,50,32,160,210,0.831955944074224,-0.161420478159293,-0.136761878344627,-0.141954593974619,-1.22080513418276
"93",93,"cm3vvtbb",53.6818181818183,32,25,0.776727272727278,1.35523619047619,1.54121476190476,148,148,62,210,0.320361032715041,-0.567203924259409,-0.157242535665866,-0.124792606763069,-0.448843953789026
"94",94,"pcxgxry4",45.6681818181818,75,60,0.392072727272726,1.72465666666667,2.02067666666667,129,127,81,210,0.50736495849821,-0.229995659984899,-0.176337597166295,-0.188038536126373,-1.78108174912612
"95",95,"0u0s8efv",38.2045454545455,51,38,0.033818181818184,5.35528476190476,4.58989428571429,5,0,205,210,0.664376591945242,-0.324934652515346,-0.261024237127842,-0.241820124072079,-1.17490867271011
"96",96,"cmhf9h7f",55.3090909090909,44,36,0.854836363636363,1.93948761904762,2.36014666666667,118,118,92,210,0.644253926234591,-0.524116827398509,-0.331433081827046,-0.306712904333079,-1.18484178538952
"97",97,"5l05oj47",42.35,62,48,0.2328,0.977287619047619,1.43615380952381,165,151,45,210,0.82897456969118,-0.455710551012983,-0.314996030741184,-0.304947891885823,-0.728007091163138
"98",98,"7lf01veg",54.6500000000001,56,47,0.823200000000005,1.22157380952381,1.48392476190476,147,147,63,210,0.477084852476545,-0.311657678269385,-0.0839539282623252,-0.158672380528976,-0.818807100271477
"99",99,"f421z9m5",50.1090909090909,40,30,0.605236363636364,1.32122428571429,2.05844571428571,155,138,55,210,0.829124096679524,-0.189003964302168,-0.0863656985826973,-0.14461563137563,-0.870057103201385
"100",100,"e8ga874k",52.9045454545455,41,39,0.739418181818184,1.19831619047619,1.75471380952381,151,150,59,210,0.519639031634347,-0.30965357665986,-0.142484880466647,-0.226230877046766,-1.01910587748223
"101",101,"rvya0qp8",36.4363636363637,137,91,0,4.31155238095238,4.27443047619048,9,2,201,210,0.827908087322764,-0.387565867912079,-0.245447341789207,-0.259164011385411,-1.42883386672328
"102",102,"gjx1xqve",39.7545454545455,23,17,0.108218181818184,0.170200952380952,0.264984761904762,202,199,8,210,0.394141829021633,-0.614823014860579,-0.19190440350345,-0.181924163700216,-0.894147483341849
"103",103,"9gmqg3ya",35.3363636363637,27,26,0,1.76669714285714,1.81012904761905,174,111,36,210,0.604711856174404,-0.160003351435851,-0.0991448824507637,-0.13086058987293,-1.0241323643289
"104",104,"po8p7b2t",48.3909090909092,77,62,0.522763636363642,3.19006333333333,3.66683666666667,70,64,140,210,0.280718888624831,-0.0763545864782428,-0.00105117489662537,-0.00361502775677494,-0.290285093014935
"105",105,"ovbum0qq",43.75,193,136,0.3,4.0811780952381,4.39642857142857,5,3,205,210,0.272256993965646,-0.426596474154697,-0.135699462092044,-0.104205500248273,-0.49690313557789
"106",106,"h4g65ryu",44.4409090909091,45,26,0.333163636363637,2.11258142857143,2.01852238095238,142,106,68,210,0.78816663632174,-0.311393382147468,-0.263964149855641,-0.286583293970019,-1.45171042236509
"107",107,"4rymdpy9",51.5590909090908,71,62,0.674836363636359,2.8159680952381,3.36014476190476,87,86,123,210,0.561028274989928,-0.431986936919207,-0.276852946856789,-0.231351861092922,-0.823943973822201
"108",108,"sm3b4qz5",43.8772727272727,103,78,0.30610909090909,4.71334714285714,4.6690319047619,1,0,209,210,0.994149710707866,-0.507150096015637,-0.371822783518804,-0.342266343609991,-1.43166402799099
"109",109,"l1yxf867",54.1590909090909,99,73,0.799636363636363,2.26623047619048,2.86868523809524,94,92,116,210,1.04418460408093,-0.491023757162651,-0.347462539970714,-0.342647344852638,-1.31138576293787
"110",110,"q7lmjhfx",33.2318181818181,17,12,0,0.600005714285714,0.943301904761905,206,186,4,210,1.05314108011083,-0.40346765474902,-0.288475034984214,-0.286342257524676,-1.29708411358085
"111",111,"3tfwxrwx",35.5045454545454,18,9,0,0.370451904761905,0.445138095238095,206,197,4,210,0.836548140663336,-0.397780756219596,-0.298419959709254,-0.266036709675023,-1.31992363193998
"112",112,"lsedd4sa",44.7818181818181,43,28,0.349527272727269,0.92777,0.977019523809524,180,163,30,210,0.957044472931104,-0.283777159200184,-0.221794456124369,-0.275530206522591,-1.41856290452379
"113",113,"r1nr0t86",48.7318181818181,44,32,0.539127272727269,1.52091952380952,1.88430666666667,151,142,59,210,0.971827183954489,-0.383071700600566,-0.255930133232587,-0.240133094688809,-1.65728297003895
"114",114,"vqspl1ff",53.7409090909092,27,17,0.779563636363642,1.74154904761905,2.51780904761905,145,139,65,210,0.57556131657317,-0.395192052918595,-0.265882266290227,-0.227009845216448,-0.574914404915004
"115",115,"4aqbvkeg",37.0181818181819,85,65,0,4.85272619047619,4.63269238095238,13,0,197,210,0.847050328043379,-0.507498820338258,-0.319893575952887,-0.29217428915565,-1.23207472028363
"116",116,"v6rahg9p",48.8500000000001,60,42,0.544800000000005,2.02827,2.43386380952381,113,112,97,210,1.00830264185032,-0.250838795034141,-0.200418248453067,-0.199132584370739,-1.25684134961688
"117",117,"uex0utrw",53.2227272727272,62,41,0.754690909090906,1.59096619047619,2.1172619047619,138,137,72,210,0.684929857846847,-0.343746225113841,-0.260655970623959,-0.269377075035523,-0.961742230778617
"118",118,"fgkau3dc",47.8545454545454,158,87,0.497018181818179,3.26467571428571,3.87924095238095,76,58,134,210,-0.0725497036002908,-0.0447435160755315,0.00424522376339362,0.00387498237031011,-0.0950330427333916
"119",119,"sn8pstys",40.1272727272726,84,62,0.126109090909085,5.24717428571429,4.85288238095238,2,0,208,210,0.890908473284752,-0.386554708710267,-0.324307753264312,-0.302413743988958,-1.48635853889156
"120",120,"ww3mrcvc",36.1636363636364,49,29,0,4.30272952380952,4.60690476190476,120,26,90,210,0.682956242941725,-0.360001102217447,-0.265668272648369,-0.24006980107405,-1.28888458273435
"121",121,"yjk4v9ot",51.8454545454545,19,19,0.688581818181816,0.993257619047619,1.15352666666667,171,171,39,210,0.736159313745965,-0.0992841124535186,-0.0805090826499573,-0.114758921247756,-1.61442822380892
"122",122,"pkvny0ef",34.8454545454546,75,49,0,4.20735095238095,3.28658523809524,86,34,124,210,0.015239738641937,-0.169589488580584,0.00193389978082581,0.00344277549119365,-0.114260171728101
"123",123,"uo65uyqg",46.5045454545453,80,67,0.432218181818174,2.08087428571429,2.45935,94,89,116,210,1.27017084390976,-0.248217783731101,-0.273019870024245,-0.259844326654885,-1.18473875929203
"124",124,"vsz9su7d",38.6954545454547,104,68,0.0573818181818258,3.58693619047619,3.74068476190476,59,40,151,210,1.08706660076618,-0.338952552100851,-0.287398747556551,-0.264059773708988,-1.44534232711746
"125",125,"tc1z9vkv",49.7318181818183,71,50,0.587127272727278,1.46129333333333,1.71861761904762,153,130,57,210,0.679333622196681,-0.500135510169295,-0.278592051367251,-0.263197870298155,-1.50891489470489
"126",126,"9dj4jlkr",47.9772727272728,73,44,0.502909090909094,2.12853238095238,2.83367619047619,118,112,92,210,0.791755272644294,-0.223234040087984,-0.221393545031006,-0.237886058831926,-1.29991224292556
"127",127,"bf9my2xy",44.5181818181819,124,90,0.336872727272731,4.61841476190476,4.75770238095238,5,0,205,210,0.201778238859833,-0.188820762921088,-0.00657833247212239,-0.0662779176933275,0.0757832694233578
"128",128,"mu0qm1l4",46.2136363636363,45,37,0.418254545454542,3.22504047619048,2.86175857142857,117,86,93,210,0.822232134435142,-0.578216548382036,-0.302695695347156,-0.2676995427837,-1.29563919096794
"129",129,"k6vyw9pp",41.0454545454545,129,108,0.170181818181816,3.07268380952381,3.5497780952381,57,47,153,210,0.412680792693335,-0.19000228590999,-0.0948146487287454,-0.0950796498844063,-0.713658982826642
"130",130,"0kw6wclk",52.4954545454547,54,47,0.719781818181825,1.55561952380952,2.03883714285714,137,133,73,210,0.562631972802174,-0.465881707491571,-0.227596389470971,-0.206607065413157,-1.4096953226382
"131",131,"o1ev7h6r",52.5863636363637,32,22,0.724145454545458,0.808231428571429,0.871186666666667,176,175,34,210,0.508414074447795,-0.378088857073892,-0.289418288204375,-0.244314470529728,-0.569403073338503
"132",132,"abvg6ws6",39.740909090909,96,74,0.107563636363632,4.57740142857143,4.31605571428571,44,17,166,210,0.247918405489928,-0.0975340116239374,-0.000449372972453538,-0.00971469047884416,-0.321325686550979
"133",133,"araqn644",50.3272727272727,47,36,0.61570909090909,1.25352857142857,1.25891285714286,155,142,55,210,0.963087640085451,-0.393147518254876,-0.280741575169031,-0.309046149293864,-1.21334560667483
"134",134,"ws26lh5t",49.8318181818182,24,21,0.591927272727274,0.411210476190476,0.49739380952381,188,188,22,210,0.692336055335877,-0.359448016898663,-0.191099435230872,-0.169649827032489,-1.16518837289828
"135",135,"wgsfuezt",47.6545454545455,34,25,0.487418181818184,2.2482,2.8445619047619,135,118,75,210,0.59563102680452,-0.321170363036923,-0.177706485461849,-0.206780248118449,-0.734696993062724
"136",136,"qnvv8yqa",47.1136363636364,89,68,0.461454545454547,3.36027714285714,4.14612952380952,84,41,126,210,0.0323924572645735,-0.301027305739861,-0.112776089892384,-0.100232399758422,0.0568558684886109
"137",137,"dl4eyqbx",46.3000000000001,182,131,0.422400000000005,4.37911904761905,4.54582333333333,0,0,210,210,0.452422053553162,-0.356798613010495,-0.156096283805274,-0.185132245919084,-0.664075538740629
"138",138,"okkwdmuz",44.9727272727272,133,93,0.358690909090906,2.60364523809524,3.69358952380952,81,77,129,210,0.403914955305599,-0.112426207136252,-0.00713458976687975,-0.00768087643433876,-0.46032915565923
"139",139,"5q9pdlcx",45.3909090909091,37,24,0.378763636363637,2.38128047619048,2.42291714285714,127,109,83,210,1.01697649741179,-0.0584716614539774,-0.0857482710147155,-0.0750304579500656,-1.64588668867428
"140",140,"3hfyjwzt",48.6318181818182,108,66,0.534327272727274,2.67203238095238,3.81340047619048,93,71,117,210,0.417374301871755,-0.644695284015854,-0.185141246303387,-0.147990734007271,-1.0795873286592
"141",141,"nuy037dr",41.7636363636364,39,28,0.204654545454547,2.59126571428571,2.54985619047619,129,94,81,210,0.761978935063548,-0.314097040915222,-0.224268847626598,-0.213453796570568,-1.05189471518842
"142",142,"g3l3agcg",44.0227272727274,22,17,0.313090909090916,2.34682904761905,1.97095,164,126,46,210,0.596648693673233,-0.299278159822159,-0.184975352068632,-0.199509277049404,-1.2630805505714
"143",143,"0e8cp3ts",46.9181818181817,116,86,0.452072727272722,3.33975904761905,3.5464380952381,49,46,161,210,0.759001423915008,-0.332099721692068,-0.284304038710738,-0.292708682844323,-0.938801921390824
"144",144,"0dwelmb3",46.0545454545455,13,7,0.410618181818184,0.170747142857143,0.206605238095238,205,205,5,210,0.722262208351322,-0.247141698850913,-0.18151680340468,-0.208713084595589,-1.15130146191387
"145",145,"3hnhlq41",50.8318181818182,56,46,0.639927272727274,1.8081219047619,2.29896666666667,134,134,76,210,-0.014019505278228,-0.48104392604359,-0.0484553635287647,-0.0122775802932366,0.0308265281800403
"146",146,"2fnxwnvs",49.5772727272727,53,39,0.57970909090909,2.55115380952381,2.1553580952381,123,114,87,210,0.318542547761754,-0.458737791519848,-0.107977826583171,-0.138667596871953,-0.849599313657065
"147",147,"cvn547tp",52.2,53,43,0.7056,1.65515380952381,2.07830523809524,138,138,72,210,0.68832204643042,-0.171086709363906,-0.153183545461309,-0.171776852991045,-1.12127015889236
"148",148,"r95qjqzn",41.7590909090908,72,58,0.204436363636358,5.00817714285714,4.79699571428571,4,2,206,210,0.277415708293805,-0.0584914970083611,-0.0329396174241259,0.00665091640288756,-0.596619944146092
"149",149,"1u45u548",42.6545454545454,84,59,0.247418181818179,1.34714714285714,2.27843047619048,142,134,68,210,0.000756714631635846,-0.144527923608918,-0.00368747405384287,-0.00891355991420298,-0.0608891872430376
"150",150,"4yzb4862",47.6636363636364,31,28,0.487854545454548,0.912415238095238,1.28838333333333,164,162,46,210,0.668935765880105,-0.176544702688591,-0.178150401864341,-0.17843359481317,-1.31018191420405
"151",151,"jgyk3u4o",54.1772727272728,49,41,0.800509090909095,1.72305285714286,1.97085238095238,126,126,84,210,0.589370632730811,-0.293019593083679,-0.221223699572671,-0.210457155363224,-1.02723300867802
"152",152,"ac20tx2t",36.5772727272727,79,63,0,4.91090476190476,4.87791952380952,16,4,194,210,1.22149658776182,-0.32046564192909,-0.275078963747764,-0.303060551777687,-0.953369252108778
"153",153,"o52cwpzh",55.4318181818181,35,27,0.860727272727269,1.32135904761905,1.49752571428571,153,153,57,210,0.565346816037715,-0.655838727240612,-0.27639076300544,-0.244005878850599,-0.753796761547492
"154",154,"sg90jtjf",53.9681818181819,24,21,0.790472727272731,0.942535238095238,0.982388095238095,172,172,38,210,0.676103981395009,-0.388365281645133,-0.258356616588523,-0.244523287651842,-0.972628258975007
"155",155,"nm9h4e9g",52.0318181818182,30,24,0.697527272727274,0.793549047619048,0.949928095238095,174,174,36,210,0.086778632397042,-0.446099121835136,-0.0156642783949394,-0.0154497333763928,-0.0574641045793274
"156",156,"kpel97ec",43.6227272727273,61,49,0.293890909090911,1.13341571428571,1.62482238095238,148,147,62,210,1.04780128293457,-0.327946873800498,-0.276461296025095,-0.290813413736104,-1.55795408772398
"157",157,"lc9nwnt6",42.1863636363637,45,38,0.224945454545457,1.39755,1.7640419047619,145,137,65,210,0.409546743134756,-0.582932166489025,-0.126932197762801,-0.107599378006357,-0.920298803047266
"158",158,"9urfx3x5",53.0181818181818,33,25,0.744872727272727,1.15066380952381,1.36590952380952,160,160,50,210,0.576129479950434,-0.346629833182914,-0.25006769735539,-0.241570097869055,-1.00965138466494
"159",159,"y8pxsvuv",34.9863636363637,37,24,0,4.50848476190476,2.48948761904762,145,61,65,210,0.0763556667741226,-0.101332310060618,-0.00243340654132976,-0.00026806856074435,-0.0835823454747799
"160",160,"aa79kq90",48.6954545454546,48,35,0.537381818181821,2.27416761904762,1.82138428571429,149,127,61,210,0.462712442028099,-0.153403379312066,-0.0917076242214299,-0.103920882130648,-1.03713485651697
"161",161,"ws9x8reu",60.4454545454545,54,45,1.10138181818182,1.59397714285714,1.97306428571429,135,135,75,210,1.07695388541963,-0.0282804973604003,-0.0251071864765565,-0.0279961255136008,-1.70469030127215
"162",162,"pbzu2qus",49.8363636363635,29,26,0.592145454545448,1.06041857142857,1.56260619047619,162,162,48,210,0.584573998000024,-0.267363398969766,-0.222788505633892,-0.242209249997058,-1.1098053492256
"163",163,"ufhuoag2",42.3136363636364,44,39,0.231054545454547,0.946291428571429,1.47782095238095,163,156,47,210,0.165569555280218,-0.115911496093926,-0.000899317357861779,-0.00087116558252634,-0.178637354357061
"164",164,"dxt2hbe5",50.3636363636364,44,38,0.617454545454547,2.16876380952381,2.5923319047619,121,118,89,210,0.573258743923815,-0.29372084734393,-0.0680343151719321,-0.209597220899089,-0.605348810858277
"165",165,"9n12tt53",50.5545454545453,55,45,0.626618181818174,1.94993285714286,2.44125761904762,121,121,89,210,0.453090112101619,-0.230778054125696,-0.165482504948805,-0.168588193960005,-1.86318908117887
"166",166,"tzz21om7",51.9727272727273,57,48,0.69469090909091,3.07732761904762,3.58004523809524,92,92,118,210,0.782600119391051,-0.334467489865714,-0.210597929918233,-0.25271622225027,-1.2164584830162
"167",167,"tec0scn8",52.1545454545454,44,36,0.703418181818179,2.01790523809524,2.76760428571429,120,115,90,210,0.741872419211794,-0.330800871180472,-0.244588318410519,-0.211008178966297,-2.20002842842198
"168",168,"83sszyxu",55.5772727272725,35,30,0.86770909090908,1.19533380952381,1.42329047619048,153,153,57,210,0.479626922323444,-0.752536386849924,-0.18216095273842,-0.159305641692865,-0.937829077953833
"169",169,"82z353d6",53.1590909090911,65,55,0.751636363636373,1.55603285714286,1.85225714285714,131,131,79,210,0.769052313031219,-0.263672005428452,-0.242999496899264,-0.217110765953966,-1.64417258054283
"170",170,"4j8dqyzr",51.5136363636365,38,34,0.672654545454552,1.15878619047619,1.50697571428571,154,154,56,210,0.871666358981541,-0.338611978288574,-0.255616531346265,-0.249684900535958,-1.32031894331812
"171",171,"mwxlwzyn",54.3590909090908,45,38,0.809236363636358,0.990668571428571,1.33279333333333,162,162,48,210,1.30523239660973,-0.471065967477916,-0.348949888075512,-0.341668147067813,-1.35997754196278
"172",172,"1y3mvrby",47.8227272727272,43,34,0.495490909090906,1.09827333333333,1.52769857142857,173,150,37,210,0.375564998663061,-0.0772067220947997,-0.00205705610035303,-0.0015285043927343,-0.315221751553064
"173",173,"fqz14k0q",48.2090909090909,40,35,0.514036363636363,1.98096857142857,2.22095857142857,131,127,79,210,1.03259613221136,-0.41962460870908,-0.3109840492902,-0.311391579218504,-1.43132635507139
"174",174,"w7mx2b49",46.8863636363636,33,28,0.450545454545453,0.738528571428571,0.98572619047619,170,170,40,210,0.832783656736133,-0.416408980318092,-0.323889050559011,-0.316610246940434,-1.75278782993455
"175",175,"vh11eq4r",48.0954545454546,43,39,0.508581818181821,1.21933904761905,1.37812761904762,155,154,55,210,0.946207845147474,-0.340277685763107,-0.303905174046777,-0.278939358747656,-1.31649775833032
"176",176,"dfagdbqx",51.590909090909,56,46,0.676363636363632,1.51212952380952,2.13045142857143,138,128,72,210,0.516289072737246,-0.286357974721672,-0.198935115866815,-0.186201442835534,-1.14383544507729
"177",177,"pbun22w2",44.5227272727272,40,36,0.337090909090906,1.2894480952381,2.14594523809524,137,137,73,210,0.591457370232139,-0.196352712907124,-0.134194503125017,-0.108673980046936,-1.44928992477694
"178",178,"d4sgbqmd",50.4499999999999,60,41,0.621599999999995,2.99228619047619,3.12084333333333,83,79,127,210,0.407399735805221,-0.347480402790326,-0.186934531691362,-0.19194547976215,-0.253686123855854
"179",179,"jb7pft02",56.0863636363637,62,49,0.892145454545458,1.62505285714286,2.0169619047619,128,127,82,210,0.11727735784055,-0.372724810874924,-0.143414885360636,-0.0878637721818571,-0.243412253682518
"180",180,"pozawsex",51.5545454545453,45,31,0.674618181818174,1.0007980952381,1.19236571428571,160,160,50,210,0.745365643891866,-0.188214559162128,-0.117397212168041,-0.175145757111431,-0.987038014435568
"181",181,"u12l2jht",47.2136363636364,29,21,0.466254545454547,1.20262761904762,0.943648571428571,180,164,30,210,0.45760973707301,-0.119178751456103,-0.0217615668874522,-0.0788511600537824,-1.100822081513
"182",182,"a8qpexum",41.5545454545454,14,7,0.194618181818181,2.39832428571429,3.60999047619048,177,128,33,210,0.196956874778302,0.0206518351417926,-0.00384280273591778,-0.00558616181082941,-0.450792706901513
"183",183,"j99jksdb",45.8136363636363,34,25,0.399054545454543,0.52629619047619,0.618154761904762,190,186,20,210,0.707939726359417,-0.724046855591602,-0.258661353527571,-0.230344254677571,-1.17019484806315
"184",184,"s9szsy6w",47.5681818181818,47,33,0.483272727272727,0.901297619047619,1.42744571428571,170,157,40,210,1.02666034629105,-0.360437510862019,-0.226701252553263,-0.254241293206835,-1.01398475480128
"185",185,"17fuqobw",49.1090909090909,29,15,0.557236363636364,0.878254761904762,0.999795714285714,197,183,13,210,0.841644553256238,-0.236200261989679,-0.206197608258147,-0.230317869682785,-1.3055236693918
"186",186,"82cr1h80",36.7363636363637,86,76,0,4.92118761904762,4.8659480952381,7,2,203,210,0.871277457010152,-0.251804156111845,-0.223826228688932,-0.2554199389871,-0.918034302901734
"187",187,"h87phsot",53.0545454545454,8,7,0.746618181818179,1.07760619047619,1.31157523809524,181,177,29,210,0.385346533739739,-0.144222116540056,0.0289059408541269,-0.101567143667641,-0.649260583446714
"188",188,"momcdeje",54.8636363636364,26,20,0.833454545454547,0.543648571428571,0.708300476190476,184,181,26,210,0.899746930449521,-0.0980987898194789,-0.104764212935408,-0.118247003958498,-1.43758786650565
"189",189,"habsbkg8",46.2545454545455,39,33,0.420218181818184,0.916685238095238,1.23806857142857,161,161,49,210,0.667912277622357,-0.278835067775999,-0.214292009111482,-0.222243944971885,-1.52550780751743
"190",190,"a2taqc42",48.3136363636364,73,55,0.519054545454547,1.96936857142857,2.44461285714286,111,110,99,210,0.0952508719977491,0.0206518351417926,-0.000310505508798326,-2.27765134231672e-05,-0.446853051538113
"191",191,"gn0hmzkk",46.5045454545455,59,47,0.432218181818184,2.8544080952381,3.24506571428571,95,92,115,210,0.824897369975104,-0.224228227848872,-0.178911475260701,-0.240497732930844,-1.14325285616833
"192",192,"0urt1012",48.9272727272726,40,28,0.548509090909085,2.31059238095238,2.39223,131,104,79,210,0.120307814480618,-0.166752773772055,-0.0147444109069607,-0.0319900144534507,-0.346233538891464
"193",193,"7jt9qf11",52.040909090909,49,39,0.697963636363632,0.934435714285714,1.23663714285714,162,161,48,210,0.212352615308019,-0.13047842999997,-0.0379049607496653,-0.0649296693623126,-0.38905593108576
"194",194,"g7fs9ze7",50.2409090909092,106,84,0.611563636363642,2.7792419047619,3.35793095238095,64,64,146,210,0.336776696125139,-0.109998294407069,-0.00158957473733473,-0.00477431925934338,-0.388879589725736
"195",195,"x4o058lj",48.7727272727273,51,40,0.54109090909091,2.04823761904762,3.47117428571429,137,98,73,210,0.413816308750874,-0.28442524097008,-0.194570610308457,-0.165841710927231,-1.02771461113447
"196",196,"u2a8cfsu",50.5954545454545,59,47,0.628581818181816,2.42662904761905,2.48879666666667,102,100,108,210,0.678712157101983,-0.303313800832859,-0.257482505859156,-0.270453875461453,-1.72766916445652
"197",197,"1nls4u5q",44.6136363636364,68,55,0.341454545454548,1.6753480952381,2.40619952380952,125,123,85,210,0.206884886098687,-0.113838861231612,-0.00618148268462612,-0.00120702376581136,-0.105074616139439
"198",198,"3484pa7t",42.6363636363636,53,29,0.246545454545453,5.10829952380952,4.65824047619048,31,7,179,210,0.656444365690592,-0.256470976903633,-0.207247048631903,-0.180529174238701,-1.07887950251002
"199",199,"yl5llon7",52.3136363636363,69,53,0.711054545454542,1.00730333333333,1.30113095238095,152,151,58,210,0.589849201139691,-0.584758941993291,-0.187921277357841,-0.172113855738667,-1.04376436906154
"200",200,"23odf2ue",49.2545454545454,61,44,0.564218181818179,2.19526285714286,2.83962714285714,112,111,98,210,0.622051538688655,-0.472939232224625,-0.241546671160367,-0.215245278871204,-0.929348432672974
"201",201,"x6dpln84",43.2227272727274,64,44,0.274690909090915,1.10156285714286,1.32190047619048,154,153,56,210,0.534338039809149,-0.467243812027033,-0.269238859817258,-0.24533173036136,-1.31899583402903
"202",202,"3b44614l",51.7863636363637,33,25,0.685745454545458,1.02306904761905,1.18202952380952,163,163,47,210,0.620865533751561,-0.478885065192864,-0.291967544909098,-0.265063803625116,-0.813709445851475
"203",203,"3tod3evk",48.3636363636362,51,35,0.521454545454538,1.07699428571429,1.71694952380952,161,157,49,210,0.789734564641424,-0.254409820467084,-0.208228295701907,-0.219220254373515,-1.48691716305455
"204",204,"cqqftsks",56.9454545454545,45,41,0.933381818181816,1.77248333333333,2.18801857142857,128,128,82,210,0.494606838437273,-0.225137156192374,-0.124440905133244,-0.158279069306729,-1.24761890039892
"205",205,"orpbydft",56.0090909090907,34,24,0.888436363636354,0.583041428571429,0.75590619047619,180,180,30,210,0.875740048965835,-0.309366897345085,-0.280568709858554,-0.276639915566987,-0.910671202682143
"206",206,"0xupal5x",42.4909090909091,39,29,0.239563636363637,0.983721904761905,0.91200380952381,175,157,35,210,0.893112540421219,-0.325171266073762,-0.288652239042045,-0.277342427176371,-1.55970560205802
"207",207,"jxxrv043",41.0136363636365,44,31,0.168654545454552,1.33336666666667,1.59630666666667,151,140,59,210,0.525753083314268,-0.22593303557465,-0.0977094127105532,-0.172976930062369,-1.15412136504067
"208",208,"koqpugz2",49.6681818181819,64,51,0.584072727272731,2.19105523809524,2.90517142857143,107,106,103,210,0.554940157076959,-0.667766143426554,-0.251550903199265,-0.211261436070167,-1.30718427322221
"209",209,"263rg2td",49.2772727272728,70,62,0.565309090909094,2.24498,3.17791285714286,109,103,101,210,0.431296513194332,-0.24093248602425,-0.0622952255410945,-0.081321250320164,-0.575467446025345
"210",210,"hrr07ppg",48.8999999999999,66,53,0.547199999999995,2.2924280952381,2.56934380952381,108,106,102,210,0.539311331440026,-0.13268816960666,-0.0470659244383973,-0.102415711375868,-0.687049001737329
"211",211,"1djww6qm",50.6181818181818,43,26,0.629672727272726,1.85722571428571,2.1672419047619,141,134,69,210,0.98606342598711,-0.244631468687116,-0.235431280659585,-0.220843318622007,-1.36383670560004
"212",212,"3v3mn370",53.4363636363637,8,4,0.764945454545457,0.632924761904762,0.871724285714286,189,187,21,210,0.782179440334265,-0.313457603981918,-0.2772781162899,-0.259488862823174,-0.998138920425584
"213",213,"135qwtdy",51.8045454545455,26,15,0.686618181818184,0.816590476190476,0.978748095238095,176,176,34,210,0.143719405003721,-0.492792451507843,-0.0947430123797456,-0.00524045132248255,-0.339325615623876
"214",214,"wmt9nsnd",52.8454545454545,31,24,0.736581818181816,0.929222380952381,1.26661523809524,167,167,43,210,1.03025791227922,-0.271264195528389,-0.241757525510214,-0.262038040075798,-1.01912106006044
"215",215,"45my1fdt",47.0727272727273,95,79,0.45949090909091,2.52286523809524,2.92888666666667,75,75,135,210,0.458636189640961,-0.528188238624075,-0.236835249122797,-0.21413381967826,-1.27438487829683
"216",216,"vu9lwuqb",48.9409090909093,49,43,0.549163636363647,1.47786476190476,2.02936380952381,136,135,74,210,0.149471138958491,-0.489307185030646,-0.0381735171504686,-0.0537783988028907,-0.0113640501769626
"217",217,"yyeygp1e",48.2045454545454,20,16,0.513818181818179,0.933160952380952,1.0730680952381,169,168,41,210,0.634650311359879,-0.362150135223011,-0.241449655274716,-0.219287145367244,-1.38585707600251
"218",218,"bc7dt0ks",49.0954545454545,52,36,0.556581818181816,1.21187476190476,1.9594,152,148,58,210,0.329908038361415,-0.181278569402428,-0.0608832783751819,-0.111370697610906,-0.800567981823371
"219",219,"vmo0k017",50.4181818181819,21,17,0.620072727272732,0.819345238095238,1.05797666666667,174,174,36,210,0.56037522317421,-0.163420837314246,0.00404560945539351,-0.0994023970987842,-0.530903558612733
"220",220,"3hjpvxo8",42.2727272727273,86,65,0.229090909090911,2.52843952380952,3.21366333333333,97,92,113,210,0.948694754947378,-0.276200225292079,-0.206450050938642,-0.234993456875961,-1.20886249775573
"221",221,"ly335abk",36.4863636363636,19,10,0,0,0,210,210,0,210,0.506631130605579,-0.243740307663976,-0.0357983249631597,-0.0517590083398911,-0.6758303774608
"222",222,"elpewlq2",45.3454545454545,52,32,0.376581818181816,0.840979523809524,1.34673095238095,171,169,39,210,0.519887524726754,-0.284122507441069,-0.143027009659563,-0.129695969498156,-0.780931096918209
"223",223,"95ke8rst",48.5454545454544,63,48,0.530181818181811,1.01342285714286,1.42651428571429,154,154,56,210,0.551226009251975,-0.572298096416749,-0.225340021563633,-0.20307590190104,-0.79720852943631
"224",224,"j1xhpm98",48.1818181818182,60,43,0.512727272727274,2.15517761904762,3.27064666666667,132,113,78,210,0.139024752801052,-0.242258429101601,-0.0404283772709419,-0.0318774885209734,-0.286236676211502
"225",225,"yglpr1l4",52.1499999999999,52,32,0.703199999999995,1.39096523809524,1.79011952380952,156,156,54,210,1.00164575743836,-0.40360396290703,-0.296412594019968,-0.318556408923952,-1.10147884636682
"226",226,"uo88gv0w",49.5227272727273,52,36,0.57709090909091,0.883682380952381,1.24201476190476,166,165,44,210,0.577839711644805,-0.120058310925969,-0.0128028032294153,-0.0380041223386743,-0.371679766750316
"227",227,"73pnjtbl",56.0227272727274,20,15,0.889090909090915,1.59773095238095,1.91157904761905,149,145,61,210,0.576691248057677,-0.280093829443404,-0.141575885792873,-0.173170847278384,-1.04630361825604
"228",228,"4c5nwmmv",48.5818181818182,57,46,0.531927272727273,2.24786,3.19522619047619,104,103,106,210,0.271940963075169,-0.0980514949536468,-0.0498650509691212,-0.0117613628602226,-0.717161248714273
"229",229,"69dj2agf",44.731818181818,70,52,0.347127272727264,1.43247285714286,1.45240095238095,139,137,71,210,0.659054887188079,-0.542905156125711,-0.220938385349521,-0.189847009756699,-0.95382121051753
"230",230,"0v6umdqx",47.1954545454545,36,30,0.465381818181816,2.14786285714286,2.56707619047619,119,118,91,210,0.740816982180106,-0.536606225488961,-0.275046334238059,-0.251915132262831,-0.881965644127997
"231",231,"r8od6e5e",53.6227272727273,68,59,0.77389090909091,2.28472285714286,2.67568761904762,110,109,100,210,1.17830871161947,-0.4571227839948,-0.32791913633807,-0.305949523427803,-1.35902250907518
"232",232,"hh8bjbva",39.6363636363637,46,33,0.102545454545457,0.636413333333333,1.3816680952381,179,176,31,210,0.155801427079702,-0.157964432431993,-0.00315909284332902,-0.00185334470814555,0.0470880555838046
"233",233,"rkl43lw9",52.3863636363635,21,21,0.714545454545448,0.767286666666667,0.83143380952381,178,178,32,210,0.698858985007727,-0.783295839724394,-0.300153167440909,-0.278898608348439,-1.14725359401804
"234",234,"k47b3m0z",44.2090909090908,51,39,0.322036363636358,1.17245428571429,1.53773047619048,147,147,63,210,0.17204810952311,-0.0169857897228894,-0.0180296644564499,-0.012236739848836,-0.62391502887485
"235",235,"nd652d7c",52.6772727272726,31,29,0.728509090909085,0.994532857142857,1.42464142857143,161,157,49,210,0.597137715115958,-0.214446367989494,-0.168068170345107,-0.162759554752603,-1.04810904419518
"236",236,"dgjggl2o",49.7954545454544,66,52,0.590181818181811,2.74298714285714,3.16798476190476,103,69,107,210,0.306801638412362,-0.321369635273112,-0.123135003275341,-0.149322745020528,-1.12394029300066
"237",237,"qap1fqjh",43.4318181818181,37,29,0.284727272727269,0.789825714285714,1.42813238095238,174,167,36,210,0.616790048372741,-0.170242224767298,-0.173537346215313,-0.165799068569203,-1.46586501406686
"238",238,"cr9sm4s3",53.9863636363635,66,53,0.791345454545448,1.8085280952381,2.38163142857143,120,120,90,210,0.695519697249686,-0.262706694399076,-0.092560393561057,-0.204788123746969,-0.948918455450301
"239",239,"nvq7lger",45.1636363636363,104,80,0.367854545454543,2.76833857142857,3.02726619047619,96,80,114,210,1.00064570999611,-0.505957192383511,-0.303192521805453,-0.273261566172845,-0.859008093909949
"240",240,"3rz4swne",52.6363636363636,31,31,0.726545454545453,1.80849857142857,2.61454380952381,145,131,65,210,0.606999583518942,-0.326063800035597,-0.197646542540547,-0.271576518235613,-0.734081025207294
"241",241,"jzlnzj7b",46.8772727272727,82,70,0.45010909090909,2.38293285714286,3.03900952380952,89,86,121,210,1.02994081718992,-0.319604766618844,-0.285840684228943,-0.288617504829561,-0.926291168138863
"242",242,"69pm4uqh",40.7818181818184,68,50,0.157527272727283,1.2311319047619,2.26716380952381,161,144,49,210,0.701206751219634,-0.344467099962798,-0.205616864843919,-0.196715551710289,-1.14281889728661
"243",243,"2ao3mxn4",42.9590909090909,133,91,0.262036363636363,4.87428142857143,4.6781019047619,4,0,206,210,-0.0738454092472943,-0.142721372493617,-0.0335938676286497,0.0149160365088595,-0.691747313047647
"244",244,"5hp2cdgx",50.5863636363636,58,34,0.628145454545453,2.30330333333333,2.86950238095238,133,116,77,210,0.637038198893923,-0.180318419937022,-0.11707153358085,-0.172686626215042,-1.13899694141682
"245",245,"06zfab74",50.4545454545457,32,26,0.621818181818194,0.856520952380952,1.23084142857143,171,169,39,210,0.312371120822995,-0.0151440410147691,0.0719268986573091,0.0730566593923059,-0.958885303883976
"246",246,"l0mltuag",58.1045454545454,62,47,0.989018181818179,2.28051142857143,2.79931238095238,108,105,102,210,0.698274879325585,-0.165335419931901,-0.0570165574510834,-0.15469665633807,-0.769125735769855
"247",247,"fu02yz2g",47.8772727272728,72,53,0.498109090909094,1.96676380952381,2.52402761904762,116,115,94,210,0.728261140029641,-0.256363647421476,-0.217932321477031,-0.181025127085398,-0.962007789979212
"248",248,"gnbeoja8",45.8409090909089,53,45,0.400363636363627,Inf,2.13857904761905,151,95,59,210,0.321780656760229,-0.204504369838109,-0.0672172048597608,-0.0691165935687165,-0.65102693293943
"249",249,"b2jkxysa",54.15,41,31,0.7992,2.12474333333333,2.3554,122,117,88,210,0.857454099500704,-0.283251760860941,-0.268510802139356,-0.253253388015387,-1.34362258111112
"250",250,"19czmcvf",40.5318181818182,69,57,0.145527272727273,1.39034095238095,1.86193476190476,137,133,73,210,0.0288815404972184,-0.461358757787481,-0.0273924499746427,-0.0216000412673502,-0.012435270882293
"251",251,"nzv6jwhs",55.4727272727274,32,20,0.862690909090915,1.0250219047619,1.48538571428571,164,164,46,210,0.978631792661083,-0.265300344374372,-0.23908958920951,-0.259262496357506,-1.62796487776213
"252",252,"jtrymj6s",53.4272727272726,58,40,0.764509090909085,2.57824285714286,3.62263857142857,111,104,99,210,1.02398466224789,-0.434106151409255,-0.35278968390787,-0.323058182944548,-1.20018906107739
"253",253,"66ap3ujd",49.290909090909,67,45,0.565963636363632,1.39782857142857,1.66236333333333,145,142,65,210,0.746919481233733,-0.230028388872439,-0.217851130855875,-0.197003273622298,-1.18552324162307
"254",254,"0enc0xdd",53.6181818181819,43,39,0.773672727272732,1.19828285714286,1.4863880952381,152,152,58,210,0.873877353873725,-0.298905987519714,-0.244119411018106,-0.284524126663522,-1.34995695582604
"255",255,"2l7t057t",50.4363636363637,121,89,0.620945454545458,3.32214428571429,3.74772428571429,42,40,168,210,0.956858941295722,-0.232770644678672,-0.182285996493596,-0.236336502607193,-1.37755766682036
"256",256,"wtm8kuhe",54.4954545454545,72,41,0.815781818181816,1.52782904761905,1.93230047619048,136,135,74,210,0.639248125569554,-0.239892896296554,-0.2289611232562,-0.201793958250932,-0.972605556332386
"257",257,"70kdk5v2",54.5681818181818,59,46,0.819272727272726,1.70455952380952,2.24006142857143,131,128,79,210,0.513357532648742,-0.292100833451957,-0.216707062178876,-0.168502247491087,-0.662528349552187
"258",258,"2r65jqgo",50.2136363636363,49,44,0.610254545454542,1.53676380952381,2.10956857142857,154,134,56,210,0.620626880386615,-0.239830862629159,-0.21294753732327,-0.236142455191406,-1.31198555973988
"259",259,"0wf2ddmv",52.5090909090909,47,42,0.720436363636363,2.95402142857143,3.80434,86,83,124,210,1.02832239312491,-0.495670674389929,-0.337760941568987,-0.321962570024612,-1.56144087534958
"260",260,"2yz5r5vz",52.0318181818181,42,35,0.697527272727269,1.62235285714286,2.31396238095238,143,133,67,210,0.724085311066184,-0.371340589626762,-0.2932360746584,-0.262008914951714,-0.98706729840997
"261",261,"0p415lx3",46.6863636363635,89,62,0.440945454545448,4.06908095238095,4.36415523809524,71,27,139,210,0.92934034827824,-0.432922000400673,-0.311468738004534,-0.307917306151657,-1.21432956690119
"262",262,"yqvyh6vn",46.3272727272727,52,36,0.42370909090909,1.00026857142857,1.2412519047619,161,160,49,210,0.538257861939287,-0.364756753150276,-0.116612764378231,-0.178651614101777,-0.661760033917132
"263",263,"m6mcssjj",52.05,33,25,0.6984,0.929692380952381,1.03025904761905,169,165,41,210,0.407567615234821,-0.645780052887856,-0.194353281924734,-0.166148029482319,-0.743358449224459
"264",264,"hlxy6xje",47.8000000000001,65,42,0.494400000000005,1.04058238095238,1.36428666666667,152,152,58,210,0.656146929607612,-0.198247381035848,-0.15116452068223,-0.165866542603376,-1.00906045624681
"265",265,"jpcjb9dd",48.5454545454546,52,41,0.530181818181821,2.11218714285714,3.07497952380952,115,111,95,210,0.090256362221064,-0.0785193193354237,-4.78263091316378e-06,0.00208061638099047,0.0440875200035984
"266",266,"oxy5h9qe",49.9409090909091,69,51,0.597163636363637,2.66589285714286,3.27337238095238,87,87,123,210,0.46129894790209,-0.0599449468531175,-0.00920816326023502,-0.00906902836405496,-0.890580384468255
"267",267,"7rxojoy0",46.0909090909091,75,58,0.412363636363637,1.76422380952381,2.5466780952381,132,116,78,210,0.742048674310188,-0.277119046291509,-0.263498006852385,-0.247307106215051,-0.808882188898434
"268",268,"21u5e871",48.45,47,36,0.5256,1.0069819047619,1.43630523809524,160,155,50,210,0.693754195850222,-0.304960276068001,-0.238525992394231,-0.222440429689594,-1.49818318332031
"269",269,"wwko8kyp",56.3272727272727,82,62,0.90370909090909,1.44290285714286,2.37841333333333,130,126,80,210,0.898634941547478,-0.21040036593107,-0.215533815747503,-0.23019235045019,-1.2455128588919
"270",270,"5rznm5yj",44.8636363636365,10,5,0.353454545454552,0.881495714285714,0.666860952380952,195,166,15,210,0.573174928689503,-0.415015461329059,-0.275194510178304,-0.253173415328869,-0.53089338217767
"271",271,"s8h1cm8g",38.2954545454545,43,26,0.0381818181818161,0.56871619047619,0.537321904761905,188,173,22,210,0.830900983943457,-0.289735241342174,-0.200539688372833,-0.264155728544931,-0.998366368718369
"272",272,"61xzgaxv",46.7681818181818,49,39,0.444872727272726,1.23540285714286,1.68214857142857,147,146,63,210,0.834072770932957,-0.257260789903165,-0.238651497579377,-0.257002256808538,-1.55956766473446
"273",273,"ee94749o",41.5545454545455,148,102,0.194618181818184,4.43670857142857,4.38417952380952,9,6,201,210,-0.129492325247417,-0.0910646583920771,0.00284140754467363,0.000197900759141473,-0.229599306888421
"274",274,"jf4v1x62",53.2318181818183,96,60,0.755127272727278,2.10194904761905,2.52013285714286,111,108,99,210,0.949621928542577,-0.259371201778431,-0.220270664837002,-0.261849127274473,-1.14457139822938
"275",275,"6m0o03dt",50.3272727272727,111,78,0.61570909090909,3.35962428571429,3.8802019047619,47,45,163,210,0.755759543927155,-0.336813091291687,-0.278081530236218,-0.248242130237616,-0.330700900262892
"276",276,"monmh9op",52.7636363636364,38,23,0.732654545454547,1.74674380952381,1.87200428571429,138,137,72,210,0.159830873685346,-0.0458114288733817,-0.000694204737197779,-0.00307276182629232,-0.464249447112546
"277",277,"03j0v0fr",51.7681818181818,77,65,0.684872727272727,1.54269523809524,1.98125523809524,126,126,84,210,-0.155303635770069,-0.123675759885387,-0.0038364553418416,-0.0140599814289381,-0.11085415371229
"278",278,"m14rv4c6",49.7727272727271,53,47,0.589090909090901,1.73129047619048,2.26190380952381,137,130,73,210,0.763843666482218,-0.338367933774748,-0.282997421278367,-0.275580865621887,-0.913422687614723
"279",279,"g6wnnphn",47.0045454545453,88,61,0.456218181818175,3.65504142857143,4.73937333333333,51,40,159,210,0.711057520487459,-0.34269718261468,-0.240978565384969,-0.246553062815923,-0.98319697632923
"280",280,"09galsz1",41.0045454545456,94,79,0.168218181818189,5.37661047619048,4.62334523809524,1,0,209,210,0.854228130909006,-0.432901546981385,-0.316692398678944,-0.29867353937694,-1.71504168603178
"281",281,"exjk19br",48.5636363636364,32,27,0.531054545454548,1.49538619047619,1.62194714285714,155,136,55,210,0.734948489629104,-0.297766657580792,-0.207255676655984,-0.185962907053445,-1.12714110776524
"282",282,"p3ezjn8p",41.4272727272728,37,31,0.188509090909095,3.00706380952381,3.39822619047619,107,78,103,210,0.335222555730418,-0.358761531731125,-0.174788978043554,-0.101079581659915,-0.114914792459745
"283",283,"fsg5svwk",45.1318181818182,18,12,0.366327272727274,0.895600476190476,0.492687619047619,201,178,9,210,0.0340995308354933,-0.446099121835136,-0.0156642783949394,-0.0154497333763928,-0.0385589312784507
"284",284,"k4d2pfxy",48.25,105,68,0.516,1.42251,1.79570095238095,134,132,76,210,0.986009396497028,-0.33613583007124,-0.249976056455586,-0.253889024467143,-1.02892846681952
"285",285,"alxj0qfx",46.859090909091,71,57,0.449236363636368,3.26407333333333,3.26593476190476,73,70,137,210,0.0351505523501977,-0.123108860338332,0.00150354107917397,-0.00727315112675311,-0.0346891226534334
"286",286,"nn1o0o34",54.840909090909,68,52,0.832363636363632,1.32458047619048,1.91993523809524,138,137,72,210,0.868963188485785,-0.548888022963157,-0.322384870376753,-0.329851210624873,-1.20160993949222
"287",287,"z7gxue2j",45.8363636363636,64,54,0.400145454545453,3.43637666666667,3.80418761904762,73,57,137,210,0.748822090052543,-0.299704754295391,-0.190647638893042,-0.176359892145998,-1.03779582784252
"288",288,"sck3cnjx",49.0818181818183,64,45,0.555927272727278,2.44891571428571,3.23979095238095,111,96,99,210,0.582345330471539,-0.156854976207662,-0.0159039999098954,-0.105151190528409,-0.494048696368092
"289",289,"g9dw2qc8",48.4409090909092,27,25,0.525163636363642,0.604538095238095,0.73585380952381,181,181,29,210,0.882183980786944,-0.0746006650953937,-0.118692094603866,-0.0951729617268093,-1.25988117926446
"290",290,"kj0ua3s9",36.6181818181817,113,86,0,4.3875219047619,4.13869761904762,9,2,201,210,0.383171222828175,-0.331485125158926,-0.135503990918383,-0.121675049087223,-0.853791413438995
"291",291,"5fuqa1v9",34.3000000000001,15,10,0,0,0,210,210,0,210,0.788300685222739,-0.230986925632264,-0.203357159885642,-0.207053102066818,-1.48190862040633
"292",292,"vfa8p4oo",47.9818181818182,17,14,0.503127272727274,0.495982857142857,0.73011380952381,186,186,24,210,0.128150932092763,-0.113228695806316,-0.00264308962574636,-0.000914532195562007,-0.297797493295916
"293",293,"6tdbftwn",47.7409090909091,39,29,0.491563636363637,0.860275714285714,1.22547142857143,162,161,48,210,0.930020796349299,-0.336302318037688,-0.210371217408491,-0.300915696437458,-1.0149736617607
"294",294,"pjyf5evm",48.5772727272728,23,13,0.531709090909094,1.73761476190476,1.56365523809524,171,139,39,210,0.237861677923454,-0.0702381927351462,0.00572505640985568,-0.0511797232441441,-1.39704078351922
"295",295,"p177jsrh",44.1318181818182,81,60,0.318327272727273,1.73767380952381,1.87509523809524,125,123,85,210,0.763575425653547,-0.353943243379737,-0.258095534673334,-0.239322359610484,-1.2333328841886
"296",296,"ks67df9r",46.2409090909093,70,51,0.419563636363646,2.2967580952381,2.88587952380952,101,92,109,210,0.543166184245062,-0.40951347377531,-0.236641399516884,-0.216456003367673,-1.34584025517172
"297",297,"6tatjtst",51.1136363636363,81,69,0.653454545454543,1.86014523809524,2.64703095238095,119,119,91,210,0.861478014419436,-0.532223664457986,-0.351349634169988,-0.337690101112269,-1.06476199030198
"298",298,"3qwj979a",40.65,79,60,0.1512,4.95532190476191,4.92471047619048,1,0,209,210,0.594584201574425,-0.260073584764149,-0.106519624043508,-0.154228793481672,-0.907910314890319
"299",299,"cds498zz",55.1363636363635,14,11,0.846545454545448,0.666449523809524,0.752032380952381,187,187,23,210,0.693788910288001,-0.712782761462283,-0.271865480383801,-0.254116792553163,-0.607155655816455
"300",300,"p52j81cz",49.2363636363637,16,9,0.563345454545457,0.422930952380952,0.534648571428571,190,190,20,210,0.563454263854225,-0.502328515939805,-0.201624352763884,-0.196961766806913,-1.38382618631269
"301",301,"vva47mv1",53.6954545454545,57,33,0.777381818181816,1.88000095238095,2.48059952380952,125,124,85,210,0.78957058218872,-0.416993188650679,-0.293429882665287,-0.285906548796576,-0.843580151869588
"302",302,"s0uavzu4",50.040909090909,41,26,0.601963636363632,1.77125619047619,2.17990666666667,131,131,79,210,0.0523136260802383,-0.625727636696442,-0.00415374383226202,-0.0622318207298308,-0.0536250300790083
"303",303,"8zsqfun7",47.1318181818181,78,45,0.462327272727269,2.16418666666667,2.72320952380952,108,107,102,210,0.530386043670338,-0.32363316167907,-0.235425831472794,-0.220668726180342,-0.543594964126549
"304",304,"zxexr9ya",58.1954545454544,24,22,0.993381818181811,0.909800952380952,1.09871571428571,170,170,40,210,0.207319904548496,-0.0825249482332241,-0.0414559742311132,0.00553695616649125,-1.31284603247697
"305",305,"t7pjr6r4",53.8863636363637,54,36,0.786545454545458,1.47144904761905,2.05108238095238,142,141,68,210,0.394636162902732,-0.142543999956331,-0.0925551254047295,-0.102692623403155,-0.549023941019252
"306",306,"eqaxt99x",47.4772727272726,70,46,0.478909090909085,1.90048714285714,2.49398047619048,113,112,97,210,0.135436311800397,-0.0101417305390901,-0.00234378376789932,0.00432495640908501,-0.139569422734963
"307",307,"eul9epha",47.4136363636362,13,10,0.475854545454538,1.06416523809524,1.15921238095238,171,170,39,210,0.6631982964503,-0.429854075471719,-0.262645704130223,-0.226972894727364,-1.29748788388008
"308",308,"0pzmq854",43.940909090909,44,22,0.309163636363632,0.496176666666667,0.979947619047619,189,186,21,210,0.491535404621012,-0.357681090418751,-0.147534590883013,-0.155796791565497,-1.39839535989328
"309",309,"17dt9ke0",39.9181818181818,43,19,0.116072727272726,3.81519952380952,3.96946428571429,106,42,104,210,0.923136881584478,-0.390015776387937,-0.252500614225748,-0.298705977218029,-1.54058611311366
"310",310,"5kbxd8uz",52.0727272727272,71,61,0.699490909090906,2.58503476190476,3.09412952380952,90,89,120,210,0.868575826489092,-0.658114676646997,-0.314962180988492,-0.295444793443116,-1.47058332360784
"311",311,"rv9j3ryb",45.8045454545456,19,14,0.398618181818189,0.878000476190476,1.08126,178,177,32,210,0.50932398111526,-0.49208942728154,-0.25125442687155,-0.218044579809237,-0.75110662302962
"312",312,"g7fyw8y5",44.6090909090908,54,43,0.341236363636359,4.35292380952381,3.98057333333333,102,41,108,210,0.64089349010928,-0.224488524284786,-0.22400799622777,-0.224341783438342,-0.89319835567061
"313",313,"s3mgwkm2",49.5090909090909,66,50,0.576436363636364,2.15361952380952,2.41267714285714,114,114,96,210,0.899511564918404,-0.258290637904372,-0.139318992125176,-0.232566591176911,-0.562093442068618
"314",314,"a1826std",53.9136363636364,56,33,0.787854545454547,1.05241285714286,1.25387476190476,171,156,39,210,0.99036085143939,-0.292946820632769,-0.285158866803661,-0.242787688211882,-1.48205133910947
"315",315,"ueksd0fs",47.6318181818182,120,79,0.486327272727274,2.89300380952381,3.81137666666667,72,65,138,210,0.754533500502674,-0.335417660861341,-0.276319237669573,-0.234975085041653,-0.965178557253527
"316",316,"561smycq",48.1363636363637,39,29,0.510545454545458,1.77245333333333,2.37472333333333,155,141,55,210,0.236337483377405,-0.0460838650316061,0.0200275697608319,0.0358173536758755,-0.0542591389415579
"317",317,"gxwucuu6",47.3772727272726,42,27,0.474109090909085,0.995401904761905,1.65720428571429,163,156,47,210,0.734994703698494,-0.246038878715753,-0.203403255857722,-0.2223692223123,-1.22518588774932
"318",318,"errxoxzh",51.0136363636364,38,29,0.648654545454548,1.22017523809524,1.5915719047619,160,151,50,210,0.402612498668812,-0.788561398723515,-0.198409528527918,-0.185619287690174,-0.382175967416458
"319",319,"fe7wg6b7",41.709090909091,100,77,0.202036363636368,4.38983142857143,4.51521619047619,46,24,164,210,0.329205946645715,-0.279286974372897,-0.014020947349651,-0.115638989389904,-0.145278481743438
"320",320,"kl29jhqw",45.5954545454545,147,105,0.388581818181816,4.48582523809524,4.73488476190476,1,0,209,210,0.504212992566645,-0.610051444766833,-0.200770762671666,-0.180644291654918,-0.954927153931772
"321",321,"yjb803pt",46.5681818181818,47,41,0.435272727272726,1.41696428571429,1.80932333333333,149,143,61,210,0.291926166803578,-0.450306523565596,-0.141835573065068,-0.122390188244839,-0.90650135296501
"322",322,"9p9n4jry",49.9863636363637,12,8,0.599345454545458,0.60519380952381,0.855239047619048,188,188,22,210,0.166503618752972,-0.12234728197316,-0.00279698293278727,-0.0188598826196536,-0.39425584128727
"323",323,"ucs98zuh",42.3227272727271,195,130,0.231490909090901,4.59316523809524,4.80237333333333,3,0,207,210,0.830146328389965,-0.301979444167034,-0.261450842304665,-0.282403747301046,-1.16504952292831
"324",324,"xwt3xyp6",43.4863636363635,54,42,0.287345454545448,1.59098619047619,1.91583333333333,134,134,76,210,0.348378933899724,-0.154769598337299,-0.0927859244491594,-0.113784714789469,-0.678735525176117
"325",325,"bznljvke",45.259090909091,76,51,0.372436363636368,1.47635857142857,2.25765142857143,140,135,70,210,0.550294866040304,-0.259189803753378,-0.217435611106339,-0.204705929032771,-1.49188900939744
"326",326,"u3n89ngp",54.4500000000001,62,50,0.813600000000005,1.2269719047619,1.41987380952381,148,148,62,210,0.848130213100191,-0.167992339341652,-0.0418128185122178,-0.110127883372631,-0.651249003400759
"327",327,"vqy4jw7v",44.2363636363636,81,62,0.323345454545452,2.10730571428571,2.52667380952381,112,103,98,210,0.320326655903062,-0.731754573136704,-0.151450076689689,-0.137843854003651,-0.927085507705031
"328",328,"dre2cj59",50.5772727272728,75,61,0.627709090909095,3.39538571428571,3.63711619047619,70,70,140,210,0.0543945679326464,-0.123981735631182,-0.00194050849811345,-0.0483222712117497,-0.360205939320543
"329",329,"rw6tkw7n",47.0045454545455,64,57,0.456218181818184,1.88348666666667,2.46042952380952,122,122,88,210,0.573758921164799,-0.148778309035267,-0.129205092231324,-0.155397730002166,-0.950624233088851
"330",330,"9458jtjx",48.3909090909092,33,22,0.522763636363642,1.1818019047619,1.21876285714286,180,154,30,210,0.617259853432552,-0.476145305261393,-0.259197661823425,-0.242462358976945,-1.43986296234219
"331",331,"7re0z3sf",50.1181818181818,30,23,0.605672727272726,1.63915380952381,1.87945904761905,152,152,58,210,0.839627468260724,-0.232674726756957,-0.222299810208014,-0.241890852829987,-1.36593403695375
"332",332,"3k4juyeh",38.0409090909092,122,100,0.025963636363642,4.60019761904762,4.48140333333333,12,2,198,210,0.214000815049059,-0.44842778437685,-0.143308347003346,-0.118986604274614,-0.984190302263045
"333",333,"ub7koqzt",49.1090909090908,123,78,0.557236363636359,3.06139285714286,3.31183333333333,64,59,146,210,0.464419451309802,-0.21198352561756,-0.137851065008143,-0.0897688453683312,-1.18121452576569
"334",334,"2a5gce3t",51.0863636363636,56,47,0.652145454545453,3.49433523809524,4.14605142857143,62,60,148,210,0.890946212257545,-0.327349472758445,-0.297355685759543,-0.299749371556284,-1.12481213180275
"335",335,"56rwcpa8",40.6954545454546,100,82,0.153381818181821,4.36387952380952,4.37978857142857,5,1,205,210,0.189967680458556,-0.0344436375420274,-0.0305727916076957,0.0317589051808722,0.0620490094918028
"336",336,"g1t94n5d",54.7818181818181,39,23,0.829527272727269,1.12358380952381,1.50998904761905,161,160,49,210,-0.266182262874626,0.0206518351417926,-0.00108803332702093,0.00624498580729496,-0.267396556845744
"337",337,"z388objw",52.6818181818181,53,43,0.728727272727269,1.89571761904762,2.41166571428571,121,120,89,210,1.07800811422797,-0.33892937660133,-0.181133215972331,-0.243596255727639,-1.1548678555977
"338",338,"zw1sttb8",47.2727272727273,60,44,0.469090909090911,2.28483,2.66919380952381,112,111,98,210,0.765686897887407,-0.592998807131477,-0.276415941531967,-0.250535737838915,-1.5176624967357
"339",339,"8ry4lzl1",52.9818181818182,55,40,0.743127272727274,2.33256047619048,2.84279095238095,106,106,104,210,1.02379315787568,-0.373498432284561,-0.299684851214007,-0.303780855927022,-1.4909125693568
"340",340,"yayhmfjn",43.5272727272725,73,35,0.28930909090908,0.656590952380952,1.01860095238095,176,176,34,210,0.00205306000105121,-0.307674248128476,0.0158344004380029,-0.0085261204919149,-0.267467963972924
"341",341,"fs7bnwdl",50.4545454545454,46,37,0.621818181818179,1.45182428571429,2.16994095238095,145,137,65,210,0.973304600158384,-0.620206141950151,-0.319012286247703,-0.289059652073857,-1.20790768071279
"342",342,"25a8lb6z",54.7636363636362,57,45,0.828654545454538,1.46348333333333,1.66838714285714,148,144,62,210,0.462248964335988,-0.798493739925754,-0.218173335365674,-0.21468509485572,-0.686456116553874
"343",343,"oz8nbus6",45.7818181818183,113,75,0.397527272727279,3.44729904761905,3.77401333333333,53,43,157,210,0.700020267813035,-0.302958118472557,-0.253243198527881,-0.23518678276552,-1.09272603669853
"344",344,"m37vkz76",49.618181818182,81,60,0.581672727272736,1.57489238095238,2.02418714285714,131,130,79,210,0.907083847330265,-0.704386356740516,-0.347643302572379,-0.355586868577591,-0.97926073855378
"345",345,"r1h6ylxt",52.9272727272728,80,65,0.740509090909095,2.37366,3.40806761904762,129,79,81,210,0.212550740560679,-0.19966399469898,-0.00543048254110448,-0.0121509785097408,-0.413157451567864
"346",346,"mwvs8r2u",51.1272727272726,58,41,0.654109090909085,1.17387857142857,1.53245952380952,155,155,55,210,0.650072841704509,-0.147141274214862,-0.129657536323568,-0.132628440295929,-1.43357692944719
"347",347,"qcdoy32g",51.4772727272727,73,53,0.67090909090909,2.10930380952381,2.68621714285714,123,122,87,210,0.634453640053258,-0.389876739872174,-0.0560858016703352,-0.160769838434791,-0.457975533881524
"348",348,"85ttd9er",50.3954545454547,62,50,0.618981818181825,2.14054571428571,2.65570380952381,121,119,89,210,0.501508148999274,-0.438537485000353,-0.210735142859385,-0.193136610991112,-1.16294241651799
"349",349,"pn984mgs",41.2818181818182,129,98,0.181527272727274,4.59157761904762,4.10779571428571,0,0,210,210,0.321404486842943,-0.140835398498003,-0.0364925515044831,-0.0875305617729373,-0.662895452483365
"350",350,"co43locr",38.1045454545456,173,110,0.0290181818181887,4.33019142857143,4.44216476190476,3,0,207,210,0.63027057048131,-0.5618077415117,-0.238700310451359,-0.220237152321545,-0.8260062764405
"351",351,"3pewlnb8",44.0409090909091,8,6,0.313963636363637,0.569821428571429,0.979159047619048,193,191,17,210,0.306108837457422,-0.0877527987046392,-0.0007138831203021,-0.022868875096013,-0.330304373992248
"352",352,"4xdluwy6",38.95,138,86,0.0696000000000003,3.83250571428571,4.35787904761905,82,33,128,210,0.547892114320592,-0.179233961880189,-0.0962021650187799,-0.129184144566626,-0.724986063602732
"353",353,"elombrds",38.2227272727273,93,87,0.0346909090909104,5.23132,4.76927619047619,7,1,203,210,0.578227801257505,-0.515328964068331,-0.302993682743508,-0.282452677553836,-0.620469102470762
"354",354,"hl06f4tx",44.9045454545455,62,57,0.355418181818184,3.21157619047619,4.22439095238095,76,64,134,210,0.128114757882596,-0.262792409485967,0.00241586656445503,-0.0716784437124959,-0.399796559789091
"355",355,"qxcq0nhv",49.1363636363636,62,43,0.558545454545453,2.70951619047619,3.34705047619048,110,77,100,210,0.584918844628438,-0.212258225660158,-0.0478627713525001,-0.10367350509796,-0.991111776942039
"356",356,"eff2w6hq",40.4409090909092,54,39,0.141163636363642,3.18854142857143,3.08400142857143,144,73,66,210,0.723911773568984,-0.382597023993237,-0.24576453586331,-0.232595009430599,-1.24392625244505
"357",357,"08lucg24",41.531818181818,57,46,0.193527272727264,3.68223047619048,4.15593714285714,111,36,99,210,0.397014736341562,-0.072345538283682,-0.0368857594244245,-0.0466553791826744,-0.721830663108265
"358",358,"0d7d9bzv",55.3590909090909,58,42,0.857236363636363,1.37180047619048,2.18058285714286,156,144,54,210,0.402265110741411,-0.131007276989076,-0.160948762155619,-0.147368866904669,-1.74329262787116
"359",359,"xznjmcgw",47.7727272727273,62,43,0.49309090909091,1.90125142857143,2.24830904761905,124,120,86,210,0.208985983711998,-0.0490490843616055,-0.00226067407639768,-0.00545293586613993,-0.264236813543036
"360",360,"qzz9m6ge",44.0818181818183,32,27,0.315927272727278,1.22765857142857,1.48333333333333,152,151,58,210,0.865884060513014,-0.248236471010045,-0.0939686880233626,-0.237610962026298,-1.10675810406255
"361",361,"bsowyjtt",38.8227272727271,152,127,0.063490909090901,4.37673428571429,4.44868285714286,7,0,203,210,0.617138739540852,-0.522531850587898,-0.250601842545447,-0.207091180493,-0.804744147942902
"362",362,"bwqgpbqs",52.6772727272728,67,43,0.728509090909095,2.33712761904762,3.9864780952381,126,91,84,210,0.44922988754484,-0.561572783979537,-0.20332930230775,-0.189856987269993,-0.706669210816757
"363",363,"51qos3vk",56.6818181818183,77,60,0.920727272727279,1.8755980952381,2.36510571428571,121,120,89,210,0.67503798035205,-0.604164046961945,-0.229085634845225,-0.256242313419205,-1.43734652072413
"364",364,"hdp9gy0x",42.0909090909092,98,78,0.220363636363642,4.22924476190476,4.04748380952381,30,23,180,210,0.3770433202226,-0.260488626733415,-0.131008265634526,-0.139715452902039,-0.880651999619544
"365",365,"qhhumay2",51.3409090909091,75,59,0.664363636363637,1.74768238095238,2.19059285714286,127,127,83,210,0.530988564142301,-0.163297540503529,-0.101166718581968,-0.105955530497449,-1.49083916583771
"366",366,"v40qkuc3",39.2590909090909,41,25,0.0844363636363634,4.24929904761905,4.24987619047619,115,25,95,210,0.0983272867258144,-0.0994738673062701,0.0020825612106278,0.00154453951207209,-0.117003476396871
"367",367,"w3jcoa6b",53.6818181818181,45,39,0.776727272727269,1.95846714285714,2.1781380952381,125,123,85,210,0.696321265169299,-0.246863971576646,-0.230197879877187,-0.249729992061891,-1.47664127195882
"368",368,"uugj0lsw",43.8363636363637,63,41,0.304145454545458,1.1186480952381,1.57593285714286,160,147,50,210,0.576121360221626,-0.099451051648256,-0.0821654605643474,-0.0530221327844299,-0.674618226220442
"369",369,"tfvdx0gr",37.290909090909,72,57,0,5.44640142857143,4.70845619047619,15,4,195,210,0.106152995062964,-0.446099121835136,-0.0156642783949394,-0.0154497333763928,-0.0810080635233362
"370",370,"tffdz46p",51.8772727272727,58,40,0.690109090909089,1.54658857142857,2.10812095238095,136,136,74,210,0.799999389202675,-0.371535136263549,-0.301860654299504,-0.294093201996393,-1.33714579546083
"371",371,"j6ytx9g5",43.1363636363636,33,19,0.270545454545453,2.74448333333333,3.17323238095238,128,97,82,210,0.0747665684972585,-0.088870128563309,0.00277643294358687,-0.00201210565507817,-0.259545492735711
"372",372,"cj4vhh25",50.890909090909,41,27,0.642763636363632,2.02600095238095,2.7063119047619,132,126,78,210,0.862466407196295,-0.211730593541616,-0.225981351520365,-0.223486488367588,-1.36397403204902
"373",373,"3w4hz57x",48.2272727272726,87,48,0.514909090909085,2.49783619047619,3.75882476190476,129,84,81,210,0.744508006745214,-0.453026890799724,-0.229661251138912,-0.221271864175007,-0.870172694184015
"374",374,"fc2y7mll",44.6727272727272,137,78,0.344290909090905,2.4272119047619,3.36704619047619,104,89,106,210,0.0938067077904025,-0.0917471164772519,-0.0163991798484928,0.0169557775347447,-0.566710952374051
"375",375,"fw4bca5o",45.3681818181818,28,24,0.377672727272727,0.929665238095238,1.05632142857143,170,170,40,210,0.389162244501926,-0.428127461598711,-0.188856216995597,-0.175101177628267,-0.752577705340676
"376",376,"fbe3zhyh",51.4000000000002,65,44,0.667200000000009,1.79999571428571,2.22235047619048,127,127,83,210,0.453699839154216,-0.147797659167999,-0.0663380665718673,-0.121022721994736,-1.29733414456757
"377",377,"yypl9xs7",42.7090909090909,79,66,0.250036363636364,4.02404714285714,4.35732666666667,52,41,158,210,0.82320287526524,-0.24694920244658,-0.250249040368105,-0.260576974966182,-1.41062976358409
"378",378,"9f31lkeb",52.9227272727273,33,26,0.74029090909091,0.715194285714286,0.965234761904762,176,176,34,210,0.617171875095323,-0.403942490998231,-0.213391226364084,-0.194433435635561,-1.0333205982255
"379",379,"bx4dc8o9",50.3499999999998,71,54,0.61679999999999,1.14802571428571,1.62877142857143,154,154,56,210,0.699207989438704,-0.577841040184614,-0.295966026036873,-0.274159266140566,-1.22686389125641
"380",380,"2dbga6ee",47.4772727272728,49,37,0.478909090909094,1.94843476190476,1.96564142857143,151,123,59,210,0.452447471370417,-0.0367547206715865,-0.00435111625890247,-0.00524737104436448,-0.421464696303895
"381",381,"z2b2dhca",49.8454545454546,76,62,0.592581818181821,1.35225095238095,1.90867476190476,135,133,75,210,0.0886960961485018,-0.0621572408517203,-0.00301026852171463,-0.00487220451358603,-0.0719273178420373
"382",382,"fdr4ezap",51.6409090909091,37,28,0.678763636363637,0.650649047619048,0.898617142857143,174,174,36,210,0.827557115527101,-0.288671427427134,-0.259531210838869,-0.242660072630418,-1.33333704486546
"383",383,"dwc952nh",50.25,82,63,0.612,2.5962919047619,3.97149952380952,109,84,101,210,0.413022856961026,-0.22269307500213,-0.00202161245374036,-0.0499885447205507,-0.403260553235187
"384",384,"9lh648dn",38.1681818181816,58,43,0.032072727272717,4.52698571428571,4.63906380952381,15,3,195,210,0.84013899215842,-0.39789612838157,-0.267290009817671,-0.299878839602972,-1.13443927072125
"385",385,"nw6w3ycm",39.6954545454546,147,89,0.105381818181821,4.63356761904762,4.28938523809524,3,1,207,210,0.741601260411835,-0.319613301832452,-0.219261807624675,-0.233718977843486,-1.35506806280341
"386",386,"87v9658u",32.3499999999999,129,88,0,4.68134142857143,4.53989666666667,10,0,200,210,0.970558124343088,-0.483647555689133,-0.315764765499311,-0.332221139323744,-1.42091373706647
"387",387,"de5pykpf",43.0227272727272,47,33,0.265090909090906,0.804054761904762,1.52158761904762,169,166,41,210,0.602824142006967,-0.582147046808812,-0.268534388739326,-0.231247178656992,-0.928926742491518
"388",388,"4q6f4utw",57.2954545454545,37,30,0.950181818181816,1.15848,1.23079619047619,161,161,49,210,0.401198003184425,-0.531587131148371,-0.184149497244809,-0.161913348075065,-0.501252800501739
"389",389,"r0n9fg0u",43.8227272727272,93,71,0.303490909090905,3.14931428571429,4.00096619047619,132,44,78,210,0.648809413923427,-0.158776503601873,-0.118128288041806,-0.177937532630752,-1.39278390909678
"390",390,"km34yl84",48.8954545454544,38,32,0.546981818181811,1.31698428571429,1.66014142857143,152,147,58,210,0.86249488655565,-0.30900713807811,-0.281245592611521,-0.266010947637504,-1.35508112675227
"391",391,"qnklprod",49.4909090909092,38,28,0.575563636363641,1.96963523809524,2.26452714285714,140,131,70,210,-0.0931143658963531,-0.134783041482287,-0.00227775409961231,-0.00812011682491262,-0.0950704910292122
"392",392,"t18afl5a",42.7681818181817,158,111,0.252872727272721,3.93862619047619,4.3439219047619,11,9,199,210,0.598794846381599,-0.811782767351581,-0.283837696442328,-0.260832651402565,-0.605335289079425
"393",393,"rfbhb7b7",54.0318181818183,30,23,0.793527272727278,0.834675714285714,1.07880619047619,173,173,37,210,0.509674536571847,-0.440767746365475,-0.172414085979608,-0.166370787770709,-1.50943293741049
"394",394,"qv3dlzek",40.8409090909091,189,127,0.160363636363637,4.0506480952381,4.25633285714286,8,8,202,210,0.439638689059103,-0.150072741849698,-0.0350387029941799,-0.0612467930477142,-0.685221722930854
"395",395,"2lz8lw89",51.4772727272726,53,42,0.670909090909085,0.998817142857143,1.31035904761905,152,151,58,210,1.34728202623852,-0.514512095801855,-0.32643605532891,-0.342876278981654,-0.961656803912555
"396",396,"ooe464l5",45.6409090909092,76,53,0.390763636363641,3.87863333333333,4.4682880952381,64,35,146,210,0.362613815326269,-0.642100451852203,-0.224644925237271,-0.158700280737647,-0.954567825109402
"397",397,"p9q4wrpj",42.7363636363637,143,99,0.251345454545458,3.91650952380952,4.51767761904762,34,20,176,210,0.833641577105132,-0.168199835071618,-0.183195185177998,-0.176225360446533,-1.66255968820994
"398",398,"61anox6y",52.7363636363636,53,42,0.731345454545453,1.10753333333333,1.83211380952381,153,153,57,210,0.967834236675131,-0.734671169465515,-0.336774698746414,-0.313684820862988,-1.39192276910769
"399",399,"blqn8xnx",51.1863636363637,36,26,0.656945454545458,2.17669333333333,2.32261571428571,132,130,78,210,0.543620168545625,-0.594686202926518,-0.286693252320325,-0.253486878726287,-0.326945379021585
"400",400,"mldmml5a",51.5136363636363,58,38,0.672654545454543,2.0975819047619,2.3718119047619,129,128,81,210,0.655611100886424,-0.216537763781911,-0.160832990553668,-0.155325182533161,-1.57158241727085
"401",401,"ed8jkb7x",42.0863636363637,109,85,0.220145454545458,4.53175761904762,4.55215047619048,0,0,210,210,0.127886842507164,-0.0844542539126572,-0.0545450010211812,-0.0435021531020604,-0.908289650929013
"402",402,"rdncdssy",46.2318181818181,57,47,0.419127272727269,2.81960428571429,4.27560761904762,88,78,122,210,0.128240262843664,-0.0666721929536699,-0.00212238655426314,-0.00465723257526066,-0.286592049244034
"403",403,"uoeumkcs",45.0318181818183,50,34,0.361527272727278,2.54123904761905,3.0830480952381,109,98,101,210,0.811198089187354,-0.187121661787523,-0.103254754511107,-0.175224146758302,-0.874766673941303
"404",404,"ezajy32v",54.9272727272728,53,42,0.836509090909094,2.6947019047619,2.76874904761905,107,105,103,210,0.717750767476296,-0.247688242402767,-0.227255778389962,-0.22162621275579,-1.1274146107539
"405",405,"l6z1al71",47.6363636363636,70,46,0.486545454545453,1.09875047619048,1.57230523809524,150,148,60,210,0.443433200252639,-0.281867705259594,-0.207215503101657,-0.194242072504774,-0.702217088187823
"406",406,"2k8tzxpc",51.1045454545454,92,70,0.653018181818179,3.39281666666667,4.15615857142857,70,49,140,210,0.792001627330217,-0.388383273507856,-0.253345536204788,-0.227007028315501,-1.42888978319148
"407",407,"6bs8pbg3",46.3272727272727,49,38,0.42370909090909,3.95211619047619,4.70720142857143,95,74,115,210,0.810651388756839,-0.337867133474733,-0.258523409514621,-0.289980262185585,-0.480905025778169
"408",408,"yncwfpu2",40.9272727272727,50,34,0.16450909090909,0.853480952380952,1.50975476190476,170,161,40,210,0.650798006348823,-0.396874529873207,-0.255655451605105,-0.216003374649241,-1.37077608840987
"409",409,"n3orgwur",47.7954545454546,76,57,0.494181818181821,3.45951571428571,3.95039761904762,82,52,128,210,1.00743333768147,-0.266754575827983,-0.215640653888411,-0.226437375277524,-1.07845760693877
"410",410,"74v9c2vv",55.1272727272727,89,66,0.84610909090909,2.08684523809524,3.1428680952381,98,98,112,210,0.56897803154767,-0.373176215099552,-0.26225759747567,-0.241922968499451,-0.745628473539765
"411",411,"ouhy0co3",46.040909090909,69,53,0.409963636363632,0.397035714285714,0.576685714285714,189,188,21,210,0.0941581970725617,0.0206518351417926,0.00182023475172124,0.00194491735657357,-0.488668546049715
"412",412,"heb68jyq",48.7227272727273,25,19,0.538690909090911,1.26328238095238,1.88848095238095,152,145,58,210,0.11097143748313,-0.186487537963414,0.0302840665458002,0.0085676236028995,-0.0130780386023037
"413",413,"l8tn3b98",43.7409090909092,48,34,0.299563636363642,4.15179571428571,4.52202523809524,1,0,209,210,0.240366910199498,-0.245618911012855,-0.0125362065390135,-0.0712252767336225,0.0152703865307318
"414",414,"xzo0n6f7",45.2954545454545,189,123,0.374181818181816,3.08159,3.54402714285714,116,60,94,210,1.17506303221031,-0.479535620174535,-0.331335760169939,-0.339741847411781,-1.11857769218213
"415",415,"u4d1r83z",49.2136363636363,75,54,0.562254545454542,0.864815238095238,1.58386857142857,161,160,49,210,0.610561756366722,-0.138545088914906,-0.0204400009028733,-0.0438952908082431,-0.321731044310174
"416",416,"0ebc7yyz",47.8636363636365,61,47,0.497454545454552,2.58424904761905,3.20553761904762,99,99,111,210,0.381703636329695,-0.482622936059898,-0.176010655416865,-0.143160073781486,-0.595505750153111
"417",417,"6qqrh7uk",41.2499999999999,59,51,0.179999999999995,4.79297714285714,4.89951428571429,5,1,205,210,0.743244517231264,-0.195855418638653,-0.150745783982896,-0.172498721445416,-1.76832327501272
"418",418,"xq8bdjpk",45.4363636363638,154,102,0.380945454545462,1.40971619047619,1.80432380952381,136,136,74,210,1.01073392124436,-0.345442840696761,-0.281536760629826,-0.272204399907939,-1.13561889257861
"419",419,"k1lvu5z4",56.9409090909091,64,50,0.933163636363637,1.80408428571429,2.21187095238095,135,135,75,210,0.675935146870726,-0.504232498954022,-0.277566908190921,-0.252338370972625,-1.05994741384636
"420",420,"51ave3lv",42.6363636363636,40,33,0.246545454545453,3.13385047619048,4.10824904761905,50,43,160,210,0.58535225913157,-0.374725340192422,-0.204349796922547,-0.178786633458065,-1.23067531193626
"421",421,"m2jdeoos",46.2136363636362,147,109,0.418254545454537,4.26748809523809,4.52684,7,3,203,210,0.698695412265018,-0.290937908298496,-0.211659251577614,-0.22544740972622,-1.59874227265908
"422",422,"r48qhh0c",45.4909090909091,136,107,0.383563636363637,1.13665857142857,1.36857142857143,168,159,42,210,0.93491226607214,-0.305447543048975,-0.194113481058946,-0.221875179844858,-1.03916258548687
"423",423,"53m70sf4",40.5000000000002,46,30,0.14400000000001,4.02868857142857,5.16084428571429,84,42,126,210,1.09687594439844,-0.500512225696733,-0.18122974148176,-0.336054226158614,-1.12079423801919
"424",424,"oe89xydy",50.2681818181818,33,27,0.612872727272727,0.812671904761905,1.06179857142857,169,169,41,210,0.326897635091687,-0.120948293919627,-0.0407671321441191,-0.0635999531518474,-0.361059592394951
"425",425,"tylvjvpr",42.5772727272727,31,25,0.24370909090909,3.63016047619048,4.22538476190476,53,32,157,210,0.721744766274682,-0.18841308989802,-0.173433413404025,-0.184828781983017,-1.46551197202152
"426",426,"klh8xxn9",44.7545454545455,137,97,0.348218181818184,1.41588571428571,2.25294523809524,139,136,71,210,1.15638522272425,-0.342933551391106,-0.293284120103602,-0.293087030939121,-1.28144104161278
"427",427,"j83xvrth",49.8227272727274,62,51,0.591490909090915,2.7225580952381,3.89511571428571,122,96,88,210,1.03030134495461,-0.299792466778935,-0.287941774979401,-0.278626854898781,-0.994543519360576
"428",428,"bqy7rf29",49.1363636363638,45,28,0.558545454545462,1.64658,2.23160238095238,127,127,83,210,0.570618148602731,-0.234812076226062,-0.169879626443718,-0.154298270858813,-0.980195680933989
"429",429,"vcz6zfs4",38.2318181818184,65,50,0.0351272727272831,4.4281819047619,4.45458142857143,19,11,191,210,0.676448577186898,-0.560691189243879,-0.251438940507976,-0.235111683531779,-1.3815198279233
"430",430,"8z9xy2k3",48.1818181818183,112,81,0.512727272727279,1.0701280952381,1.30434333333333,156,156,54,210,0.756533720491122,-0.249783073189049,-0.178248173810405,-0.195770463327331,-1.30510157247481
"431",431,"l0wdr05u",43.0227272727273,46,39,0.265090909090911,4.36023428571429,4.42015190476191,3,0,207,210,0.202718845930452,-0.104643057645564,0.0231485273041731,0.0360661832111271,-0.197713269160619
"432",432,"av3l6owl",40.5181818181817,181,134,0.144872727272722,0,0,210,210,0,210,0.520500487640729,-0.726724684781206,-0.281258520467637,-0.249848035344204,-0.848202310959219
"433",433,"k95npjeg",52.4590909090909,16,10,0.718036363636364,2.90759476190476,3.03176,78,73,132,210,0.385610150222434,-0.435783489793865,-0.173743723770218,-0.132347136974348,-0.505987980637822
"434",434,"hbl8dak5",36.3681818181817,77,59,0,5.54678714285714,4.92089761904762,8,0,202,210,0.330973489508596,-0.628401319062286,-0.164112240205427,-0.140738308650478,-0.807271976581395
"435",435,"de8w56p0",39.109090909091,90,76,0.077236363636368,1.23301333333333,1.2576319047619,174,143,36,210,1.22209063429757,-0.462819026064453,-0.336354410440542,-0.314650366647076,-1.40921110508408
"436",436,"edynb47f",50.5,57,35,0.624,2.46133476190476,3.3300380952381,106,106,104,210,0.642587908701744,-0.29343454104771,-0.228996908660316,-0.222202585728172,-1.55067761214363
"437",437,"uw7rul53",41.9227272727273,44,35,0.21229090909091,4.57865952380952,4.45293142857143,0,0,210,210,0.129524210825104,-0.254673978955606,-0.0131924644585641,-0.0581414204103244,-0.00442098949908565
"438",438,"q9v14w67",54.2681818181817,131,96,0.804872727272722,1.29503047619048,1.5341480952381,154,154,56,210,0.636564161499215,-0.32159927829489,-0.24878559133992,-0.270260582900792,-1.24713293524992
"439",439,"wow5jbck",39.2727272727272,42,32,0.0850909090909056,0.938957142857143,0.62849619047619,186,165,24,210,0.403896331226954,-0.246707614559974,-0.0406481345825714,-0.170476871302024,-0.639400463954717
"440",440,"q3dgcpmu",48.0363636363636,20,18,0.505745454545453,2.05626142857143,2.59503666666667,124,122,86,210,0.67327178575387,-0.505370774834025,-0.289962278633263,-0.267501933477802,-0.97073369185947
"441",441,"xxlx39xs",49.3045454545455,38,28,0.566618181818184,1.43544142857143,1.77597619047619,142,141,68,210,0.583827358764976,-0.374091223662023,-0.227243548969984,-0.200817077329624,-0.612793132455732
"442",442,"4mdwzx9u",40.7363636363636,60,43,0.155345454545453,4.58869047619048,5.00756095238095,4,2,206,210,0.40093460684989,-0.144861281862577,0.000409691472160773,-0.0232270117384091,-0.302479699824331
"443",443,"msycs6l7",41.4545454545455,115,95,0.189818181818184,5.06922,4.6913880952381,3,0,207,210,0.748528506181109,-0.60058228429733,-0.302202878605702,-0.276806892718797,-1.26116355818173
"444",444,"j8cgr9v4",51.2727272727274,110,69,0.661090909090915,1.96540952380952,2.29129333333333,131,112,79,210,0.834979605675785,-0.357124124317354,-0.271207509861677,-0.280134947747223,-1.2224811719558
"445",445,"arqwm6sx",49.7818181818181,67,50,0.589527272727269,1.04511428571429,1.39362333333333,156,156,54,210,0.674114470410522,-0.242750434562721,-0.243239028683553,-0.232972264449758,-1.06358944676868
"446",446,"jcu4myzq",33.5272727272728,55,38,0,0.0337833333333333,0.0675666666666667,209,209,1,210,0.69992739905571,-0.492671559914351,-0.318571553270708,-0.298817124964079,-1.1939931218087
"447",447,"jkkgd2dq",49.5045454545455,13,10,0.576218181818184,1.82379380952381,1.98091666666667,124,124,86,210,0.597296623827215,-0.198962917534812,-0.171331136373819,-0.161570030008006,-1.32507980147243
"448",448,"dnvez1ph",61.3863636363636,51,44,1.14654545454545,0.783627142857143,0.999808571428571,171,171,39,210,0.701322606009234,-0.276097199359577,-0.0808787293628569,-0.105358571448375,-0.466456102151458
"449",449,"6t4lc2ba",36.9272727272727,34,25,0,0.37643,0.583424285714286,191,188,19,210,0.922751659642385,-0.382874678635083,-0.306239968280122,-0.270043744934378,-1.26788075529335
"450",450,"tjfj83e4",48.8545454545454,53,46,0.54501818181818,0.758315714285714,0.905325238095238,164,164,46,210,0.0193310741757197,-0.0240464308214121,0.0194990755665141,0.0226638665304081,-0.0207248114461175
"451",451,"apep85nb",50.2636363636363,30,20,0.612654545454542,1.23209,1.42244,156,152,54,210,-0.0430530852354211,-0.113555184325156,-0.0377422394773968,-0.0109400982763931,-0.0301321576172032
"452",452,"hbsvgc1e",47.0863636363636,51,39,0.460145454545453,0.993421904761905,1.22381047619048,161,160,49,210,0.965563639205194,-0.300201582383883,-0.264062964029494,-0.286482636235304,-0.96479964525018
"453",453,"vfjouvzl",50.9,35,26,0.6432,1.55165952380952,1.96070047619048,129,128,81,210,0.323537610098703,-0.119981894113189,-0.0816271830261377,-0.0670869923974894,-0.576930539554729
"454",454,"t8mh798j",51.7590909090909,29,21,0.684436363636363,1.81723380952381,2.24106333333333,125,125,85,210,0.637181892378028,-0.285314614536968,-0.231666629724268,-0.211036649560297,-1.63726343007101
"455",455,"zph264a5",47.3181818181817,60,47,0.471272727272722,2.11494142857143,2.48189238095238,143,123,67,210,0.633494071017259,-0.356072840617891,-0.23885651763208,-0.24065096218941,-1.03302248006537
"456",456,"vs1aswd5",54.9772727272729,48,42,0.838909090909099,1.57191285714286,2.72685904761905,130,129,80,210,0.563967868777359,-0.45562419224117,-0.221661076073903,-0.2077265070928,-1.35785172582117
"457",457,"t5cr88m1",48.8136363636363,24,18,0.543054545454542,2.27520095238095,2.91922904761905,85,85,125,210,0.599349624206443,-0.469876127067353,-0.294864848171979,-0.266830723641706,-0.614541501421807
"458",458,"dv7uembq",54.2727272727273,48,41,0.805090909090911,2.10948619047619,2.61251285714286,109,109,101,210,0.459414799690198,-0.332195139120908,-0.18931002760363,-0.17367780400359,-0.680185384412046
"459",459,"xevbow2z",43.4000000000001,93,72,0.283200000000005,4.76050095238095,4.5023680952381,8,4,202,210,0.772006964218861,-0.395258221260061,-0.273787513533998,-0.261164127582786,-1.2797918929675
"460",460,"yaoc5wdp",52.1227272727273,64,49,0.701890909090911,2.41896428571429,3.36564857142857,99,99,111,210,0.705738104825592,-0.563919538372041,-0.283351357463482,-0.260311724948399,-0.945330113891808
"461",461,"94we44sa",53.1454545454544,102,80,0.750981818181811,0.825381428571429,1.05651428571429,171,171,39,210,0.736328969565641,-0.534483782883901,-0.227994920039765,-0.219987842938496,-0.992009994221129
"462",462,"jud38jxy",47.3772727272729,62,45,0.474109090909099,1.06499380952381,1.59455285714286,153,151,57,210,0.605519264677296,-0.114995939204991,-0.0382300955380321,-0.0798855711439735,-0.774153672280818
"463",463,"oekmbxjz",40.190909090909,29,23,0.129163636363632,1.57309619047619,2.05577904761905,127,127,83,210,0.72340648478079,-0.303551880268678,-0.268884437335744,-0.2589526984019,-0.999195406460201
"464",464,"yoqekrae",49.8636363636365,54,44,0.593454545454552,1.51548095238095,1.93590380952381,153,151,57,210,0.968601664836588,-0.0935606067616955,-0.085422882396399,-0.103459862894068,-1.28923723292303
"465",465,"g0wpqz9x",41.490909090909,81,62,0.191563636363632,0.48685619047619,0.94333,201,177,9,210,0.541205196633003,-0.108109720999278,-0.0656502106700106,-0.0809442245196643,-0.904365439364192
"466",466,"a3cc625b",45.931818181818,84,58,0.404727272727264,3.27606142857143,3.60105666666667,88,77,122,210,0.801067750624276,-0.33861184187791,-0.290239590078433,-0.295672639913191,-1.43467931088995
"467",467,"mkhc412r",43.4318181818183,51,37,0.284727272727278,3.18517428571429,4.36643142857143,83,55,127,210,0.295763557693528,0.11803121103311,0.0113753587345973,0.0106855844769775,-0.452514463474162
"468",468,"v2e651oo",34.8363636363636,17,12,0,4.81671142857143,5.20711571428571,100,25,110,210,0.52720583917872,-0.0609157651894335,-0.0143118107232947,-0.0236872736304023,-1.45214504036869
"469",469,"4d18dw1d",49.0772727272728,101,89,0.555709090909094,1.77921476190476,2.39973095238095,133,131,77,210,1.17731548380314,-0.0939154534574664,-0.0923155412351896,-0.122264022238974,-1.13406958707577
"470",470,"on0repnz",46.7090909090909,104,78,0.442036363636363,1.19823285714286,1.56846428571429,152,152,58,210,0.819352773318987,-0.635585779046506,-0.254039145319654,-0.229204540724048,-1.02695907797939
